ref,url,title,date_of_incident,company,category,incident_type,severity,location,escalation_stage,sources
TMR-0001,https://themachinerecord.com/case/amazon-warehouse-robot-accidentally-punctured-a-can-of-bear-repellent-hospitaliz-0001,"Amazon warehouse robot accidentally punctured a can of bear repellent, hospitalizing multiple workers",2018-12-06,Amazon,warehouse_amr,malfunction,serious_injury,,follow_up,2
TMR-0002,https://themachinerecord.com/case/three-warehouse-robots-collided-on-top-of-an-automated-grid-system-at-ocado-s-er-0002,"Three warehouse robots collided on top of an automated grid system at Ocado's Erith facility, causing a fire that damaged part of the grid and forced thousands of order cancellations.",2021-07-20,Ocado,warehouse_amr,fire,property_damage,"Erith, London, UK",report,1
TMR-0003,https://themachinerecord.com/case/a-starship-food-delivery-robot-reversed-into-a-73-year-old-a-person-parking-atte-0003,"A Starship food delivery robot reversed into a 73-year-old ASU parking attendant on the Tempe campus, knocking her down and causing a laceration near her left elbow and subsequent back pain.",2023-01-01,Starship Technologies,delivery,lawsuit,minor_injury,"Tempe, Arizona, USA",lawsuit,7
TMR-0004,https://themachinerecord.com/case/an-uber-eats-food-delivery-robot-designed-by-avride-entered-a-crosswalk-against--0004,"An Uber Eats food delivery robot designed by Avride entered a crosswalk against a stop signal in Philadelphia and was struck by a truck, dislodging one of its wheels before the robot continued on.",2026-05-13,Avride,delivery,collision,property_damage,"Philadelphia, Pennsylvania, USA",report,1
TMR-0005,https://themachinerecord.com/case/an-uber-eats-delivery-robot-developed-by-avride-allegedly-cut-off-cyclist-a-pers-0005,"An Uber Eats delivery robot developed by Avride allegedly cut off a cyclist in the bike lane on Varick Street in Jersey City, causing him to go airborne and sustain a concussion and broken clavicle.",2025-10-22,Avride,delivery,lawsuit,serious_injury,"Jersey City, New Jersey, USA",report,1
TMR-0006,https://themachinerecord.com/case/an-ambulance-transporting-a-patient-to-a-hospital-collided-with-an-automated-foo-0006,"An ambulance transporting a patient to a hospital collided with an automated food delivery cart at the intersection of Western and Fountain avenues in Hollywood, causing no additional injuries but requiring the patient to be transferred to a second ambulance.",2026-01-23,Coco Robotics,delivery,collision,property_damage,"Hollywood, California, USA",follow_up,3
TMR-0007,https://themachinerecord.com/case/a-serve-robotics-delivery-robot-collided-with-a-person-a-man-with-cerebral-palsy-0007,"A Serve Robotics delivery robot collided with a man with cerebral palsy riding a mobility scooter on a sidewalk near the West Hollywood Sheriff's Station, causing his scooter to jolt backward.",2025-09-13,Serve Robotics,delivery,collision,minor_injury,"West Hollywood, California, USA",follow_up,6
TMR-0008,https://themachinerecord.com/case/a-coco-food-delivery-robot-uprooted-a-garden-became-entangled-in-a-fence-and-dra-0008,"A Coco food delivery robot uprooted a garden, became entangled in a fence, and dragged the fencing down the street in East Hollywood, Los Angeles, causing property damage to a resident's yard.",2026-02-20,Coco Robotics,delivery,malfunction,property_damage,"East Hollywood, Los Angeles, California, USA",report,1
TMR-0009,https://themachinerecord.com/case/an-uber-eats-delivery-robot-became-stuck-on-railroad-tracks-in-miami-and-was-str-0009,"An Uber Eats delivery robot became stuck on railroad tracks in Miami and was struck and destroyed by an oncoming train on January 15, 2026, with no injuries reported.",2026-01-15,Uber Eats,delivery,collision,property_damage,"Miami, Florida, USA",follow_up,6
TMR-0010,https://themachinerecord.com/case/a-serve-robotics-sidewalk-delivery-robot-repeatedly-blocked-and-then-collided-wi-0010,A Serve Robotics sidewalk delivery robot repeatedly blocked and then collided with Mark Chaney-Gay's mobility scooter near the West Hollywood Sheriff's Station on Santa Monica Boulevard last September (referenced as a prior viral incident in an article published March 2026).,2025-09-01,Serve Robotics,delivery,collision,minor_injury,"West Hollywood, California, USA",report,1
TMR-0011,https://themachinerecord.com/case/an-avride-delivery-robot-collided-with-a-cyclist-s-e-bike-at-the-intersection-of-0011,"An Avride delivery robot collided with a cyclist's e-bike at the intersection of Philomena Street and Berkman Drive in Austin, Texas, causing the cyclist serious personal injuries.",2024-09-10,Avride,delivery,lawsuit,serious_injury,"Austin, Texas, USA",report,1
TMR-0012,https://themachinerecord.com/case/a-starship-delivery-robot-at-arizona-state-university-abruptly-changed-direction-0012,"A Starship delivery robot at Arizona State University abruptly changed direction, knocked over a university employee, and then reversed toward the victim while she was still on the ground, injuring her.",2023-09-19,Starship Technologies,delivery,collision,minor_injury,"Tempe, Arizona, USA",follow_up,2
TMR-0013,https://themachinerecord.com/case/a-starship-food-delivery-robot-was-flipped-over-after-being-involved-in-an-accid-0013,"A Starship food delivery robot was flipped over after being involved in an accident with a car at Georgia Southern University in Statesboro, prompting students to hold a memorial vigil.",2020-09-16,Starship Technologies,delivery,other,property_damage,"Statesboro, Georgia, USA",report,1
TMR-0014,https://themachinerecord.com/case/a-starship-technologies-autonomous-delivery-robot-was-struck-by-a-ford-escape-at-0014,"A Starship Technologies autonomous delivery robot was struck by a Ford Escape at the University of Kentucky, damaging the robot's wheels, while it appeared to have the right of way.",2021-09-01,Starship Technologies,delivery,collision,property_damage,"Lexington, Kentucky, USA",report,1
TMR-0015,https://themachinerecord.com/case/a-kiwibot-delivery-robot-caught-fire-at-uc-berkeley-on-december-14-2018-and-was--0015,"A KiwiBot delivery robot caught fire at UC Berkeley on December 14, 2018, and was extinguished by a passerby and subsequently by the Berkeley Fire Department.",2018-12-14,Kiwibot,delivery,fire,property_damage,"Berkeley, California, USA",follow_up,7
TMR-0017,https://themachinerecord.com/case/co-op-delivery-robots-in-cambridge-became-confused-by-fire-hoses-and-fire-engine-0017,Co-op delivery robots in Cambridge became confused by fire hoses and fire engines blocking the road during a derelict building fire and had to be carried over the obstructions by Cambridgeshire firefighters.,2023-09-16,Starship Technologies,delivery,malfunction,no_harm,"Cambridge, UK",report,1
TMR-0018,https://themachinerecord.com/case/a-22-year-old-trainee-engineer-ramanjaneyulu-was-fatally-injured-after-being-cau-0018,"A 22-year-old trainee engineer, Ramanjaneyulu, was fatally injured after being caught in a robotic arm at NPH Industries, a Kia ancillary unit in Penukonda, Andhra Pradesh.",2026-05-08,,robot_arm,fatality,fatality,"Penukonda, Andhra Pradesh, India",report,1
TMR-0019,https://themachinerecord.com/case/a-knightscope-k5-security-robot-ran-over-a-16-month-old-toddler-a-person-at-a-sh-0019,"A Knightscope K5 security robot ran over a 16-month-old toddler at a shopping centre in Silicon Valley, leaving him with swelling to his right foot.",2016-07-14,Knightscope,service,collision,minor_injury,"Silicon Valley, California, USA",report,1
TMR-0020,https://themachinerecord.com/case/a-person-a-48-year-old-engineer-at-a-person-in-hipperholme-was-fatally-crushed-b-0020,"A 48-year-old engineer at Deco-Pak in Hipperholme was fatally crushed by a robotic arm while cleaning a sensor inside the machine's cell, dying from crush injuries to his chest.",2017-04-14,,robot_arm,injury,fatality,"Hipperholme, West Yorkshire, UK",report,1
TMR-0021,https://themachinerecord.com/case/a-tesla-engineer-at-the-austin-gigafactory-was-clawed-and-pinned-to-a-wall-by-a--0021,"A Tesla engineer at the Austin Gigafactory was clawed and pinned to a wall by a robot arm that had not fully shut down, suffering lacerations to his back and arms before falling into a chute.",2021-01-01,Tesla,robot_arm,injury,serious_injury,"Austin, Texas, USA",report,1
TMR-0022,https://themachinerecord.com/case/a-person-20-was-killed-when-a-robot-at-the-ajin-usa-plant-in-cusseta-alabama-res-0022,"A 20-year-old worker was killed when a robot at the Ajin USA plant in Cusseta, Alabama restarted abruptly while she was inside a robotic station clearing a sensor fault on a stopped assembly line.",2016-06-18,,robot_arm,fatality,fatality,"Cusseta, Alabama, USA",lawsuit,13
TMR-0023,https://themachinerecord.com/case/a-person-a-25-year-old-ford-assembly-line-worker-was-killed-instantly-when-a-rob-0023,"A 25-year-old Ford assembly line worker was killed instantly when a robot arm struck him in the head while he was gathering parts in a storage facility at a Ford casting plant in Flat Rock, Michigan.",1979-01-25,,robot_arm,fatality,fatality,"Flat Rock, Michigan, USA",report,1
TMR-0024,https://themachinerecord.com/case/a-technician-was-killed-at-a-volkswagen-assembly-plant-in-germany-after-a-robot--0024,A technician was killed at a Volkswagen assembly plant in Germany after a robot he was assembling picked him up and pushed him into a metal plate.,2015-07-01,Volkswagen,robot_arm,fatality,fatality,Germany,follow_up,16
TMR-0025,https://themachinerecord.com/case/a-22-year-old-contract-worker-installing-a-production-line-at-a-volkswagen-plant-0025,"A 22-year-old contract worker installing a production line at a Volkswagen plant in Baunatal, Germany, was grabbed and crushed against a large metal plate by a robotic arm, dying from his injuries in hospital.",2015-06-29,,robot_arm,fatality,fatality,"Baunatal, Germany",follow_up,5
TMR-0026,https://themachinerecord.com/case/a-robot-arm-crushed-a-worker-to-death-at-a-factory-in-thailand-according-to-the--0026,"A robot arm crushed a worker to death at a factory in Thailand, according to the article headline and brief text available.",2024-03-28,,robot_arm,fatality,fatality,Thailand,report,1
TMR-0027,https://themachinerecord.com/case/a-chess-robot-broke-a-seven-year-old-boy-s-finger-during-a-match-in-russia-promp-0027,"A chess robot broke a seven-year-old boy's finger during a match in Russia, prompting a roundup of worst robotic accidents in history.",2022-07-26,,robot_arm,injury,minor_injury,Russia,report,1
TMR-0028,https://themachinerecord.com/case/a-49-year-old-factory-worker-in-china-was-impaled-by-ten-steel-spikes-when-a-rob-0028,"A 49-year-old factory worker in China was impaled by ten steel spikes when a robot malfunctioned and collapsed onto him, injuring his arm and chest; surgeons removed all spikes and he was left in stable condition.",2018-12-13,,robot_arm,malfunction,serious_injury,China,report,1
TMR-0029,https://themachinerecord.com/case/during-the-opening-night-of-the-urkl-humanoid-robot-combat-tournament-in-shenzhe-0029,"During the opening night of the URKL humanoid robot combat tournament in Shenzhen, an EngineAI T800 robot named 'Matador' had its head knocked off by opponent 'White Eagle' and was knocked out of the fight.",2026-07-17,EngineAI,humanoid,other,property_damage,"Shenzhen, China",report,1
TMR-0031,https://themachinerecord.com/case/multiple-humanoid-robots-fell-down-repeatedly-during-china-s-robot-games-competi-0031,Multiple humanoid robots fell down repeatedly during China's Robot Games competition.,2025-08-18,,humanoid,malfunction,no_harm,China,report,1
TMR-0032,https://themachinerecord.com/case/a-humanoid-robot-performing-a-group-dance-with-students-at-a-university-sports-d-0032,"A humanoid robot performing a group dance with students at a university sports day opening ceremony in Xi'an, Shaanxi Province, China, malfunctioned due to signal interference from an onsite drone and lunged at and hugged a female student, who was uninjured.",2026-05-03,Unitree Robotics,humanoid,collision,no_harm,"Xi'an, China",follow_up,5
TMR-0033,https://themachinerecord.com/case/a-tesla-optimus-humanoid-robot-fell-backward-during-a-public-demonstration-at-a--0033,"A Tesla Optimus humanoid robot fell backward during a public demonstration at a Tesla store in Miami, dropping water bottles and making hand motions consistent with a teleoperation headset being removed.",2025-12-06,Tesla,humanoid,malfunction,no_harm,"Miami, Florida, USA",follow_up,9
TMR-0034,https://themachinerecord.com/case/a-service-robot-at-what-social-media-users-claimed-was-a-haidilao-hotpot-restaur-0034,"A service robot at what social media users claimed was a Haidilao hotpot restaurant in China malfunctioned, knocking plates off a counter and swinging its arms erratically while a staff member attempted to restrain it.",2026-03-17,,service,malfunction,property_damage,Haidilao hot pot restaurant,follow_up,7
TMR-0035,https://themachinerecord.com/case/russia-s-aidol-humanoid-robot-lost-balance-and-fell-on-stage-during-its-official-0035,"Russia's AIdol humanoid robot lost balance and fell on stage during its official debut at a technology event in Moscow on November 10, 2025, leaving pieces on the stage and prompting staff to hide it behind a screen.",2025-11-10,AIDOL,humanoid,malfunction,property_damage,"Moscow, Russia",follow_up,33
TMR-0036,https://themachinerecord.com/case/xpeng-s-humanoid-robot-iron-lost-its-balance-and-fell-face-first-onto-the-ground-0036,"Xpeng's humanoid robot Iron lost its balance and fell face-first onto the ground during its first public appearance at a shopping mall in Shenzhen, China.",2026-01-31,Xpeng,humanoid,malfunction,no_harm,"Shenzhen, China",report,1
TMR-0037,https://themachinerecord.com/case/a-unitree-humanoid-robot-fell-twice-while-performing-michael-jackson-s-moonwalk--0037,"A Unitree humanoid robot fell twice while performing Michael Jackson's moonwalk at an event organized by robot store Future Era in Shenzhen, China, and had to be dragged off stage by staff.",2026-05-20,Unitree Robotics,humanoid,malfunction,no_harm,"Shenzhen, China",follow_up,2
TMR-0038,https://themachinerecord.com/case/a-unitree-g1-humanoid-robot-tested-by-youtuber-cody-detwiler-spilled-food-on-the-0038,"A Unitree G1 humanoid robot tested by YouTuber Cody Detwiler spilled food on the floor while attempting to cook stir-fry, slipped on the scattered food, and fell, also causing the owner to slip.",2025-11-05,Unitree Robotics,humanoid,malfunction,no_harm,China,report,1
TMR-0040,https://themachinerecord.com/case/humanoid-robots-competed-in-china-s-inaugural-roboleague-football-tournament-in--0040,"Humanoid robots competed in China's inaugural RoBoLeague football tournament in Beijing, with some falling and requiring 'rescue' during play.",2025-07-03,,humanoid,malfunction,no_harm,"Beijing, China",report,1
TMR-0042,https://themachinerecord.com/case/at-tesla-s-fremont-california-plant-in-november-2019-a-stack-of-three-steel-skid-0042,"At Tesla's Fremont, California plant in November 2019, a stack of three steel skids on an automated conveyor system knocked a worker down and dragged him more than 15 feet, seriously injuring both his legs.",2019-11-01,Tesla,industrial,lawsuit,serious_injury,"Fremont, California, USA",lawsuit,7
TMR-0043,https://themachinerecord.com/case/a-da-vinci-surgical-robot-allegedly-burned-and-tore-a-person-s-small-intestine-d-0043,"A da Vinci surgical robot allegedly burned and tore a patient's small intestine during colon cancer surgery in Florida in September 2021, leading to additional procedures and her death in February 2022, prompting a wrongful death lawsuit against Intuitive Surgical.",2021-09-01,Intuitive Surgical,surgical,injury,fatality,"Florida, USA",lawsuit,7
TMR-0044,https://themachinerecord.com/case/a-person-71-died-on-june-26-2022-after-undergoing-robotic-surgery-to-remove-pros-0044,"A 71-year-old man died on June 26, 2022, after undergoing robotic surgery to remove prostate cancer at Lawrence + Memorial Hospital in New London on June 3, 2022, with a lawsuit alleging the hospital lacked the resources to safely perform the procedure and failed to transfer him sooner to a major medical center.",2022-06-03,,surgical,lawsuit,fatality,"New London, Connecticut, USA",report,1
TMR-0045,https://themachinerecord.com/case/a-person-a-20-year-old-worker-at-ajin-usa-metal-stamping-plant-in-chambers-count-0045,"A 20-year-old worker at Ajin USA metal stamping plant in Chambers County, Alabama, was crushed to death on June 18, 2016, when a robotic arm started up while she was inside a machinery enclosure troubleshooting a sensor fault without following required lockout/tagout procedures.",2016-06-18,,robot_arm,fatality,fatality,"Chambers County, Alabama, USA",report,1
TMR-0046,https://themachinerecord.com/case/a-private-tasmanian-hospital-is-being-sued-over-an-injury-claim-related-to-robot-0046,A private Tasmanian hospital is being sued over an injury claim related to robotic surgery.,2025-11-05,,surgical,lawsuit,serious_injury,"Tasmania, Australia",report,1
TMR-0047,https://themachinerecord.com/case/a-cat-named-sarabi-was-fatally-crushed-by-an-autoscooper-11-self-cleaning-litter-0047,"A cat named Sarabi was fatally crushed by an Autoscooper 11 self-cleaning litter box in a Bronx apartment on January 27, 2025, when the device's safety mechanism failed to stop when the animal was inside.",2025-01-27,Pet Pivot,consumer,injury,fatality,"Bronx, New York, USA",report,1
TMR-0048,https://themachinerecord.com/case/waymo-recalled-approximately-3-900-robotaxis-after-13-known-incidents-in-which-v-0048,"Waymo recalled approximately 3,900 robotaxis after 13 known incidents in which vehicles drove into closed freeway construction zones in Phoenix, Arizona, and the San Francisco Bay Area, prompting a voluntary software recall filed with NHTSA.",2026-06-18,Waymo,autonomous_vehicle,recall,no_harm,"Phoenix, Arizona, USA and San Francisco, California, USA",recall,25
TMR-0049,https://themachinerecord.com/case/waymo-announced-a-voluntary-software-recall-after-its-robotaxis-were-found-to-ha-0049,"Waymo announced a voluntary software recall after its robotaxis were found to have illegally passed stopped school buses with extended stop signs and flashing lights on multiple occasions in Atlanta and Austin, with no injuries reported.",2025-12-05,Waymo,autonomous_vehicle,recall,no_harm,"Atlanta, Georgia, USA",recall,10
TMR-0050,https://themachinerecord.com/case/wybotics-recalls-robotic-pool-vacuums-due-to-burn-and-fire-hazards-0050,Wybotics Recalls Robotic Pool Vacuums Due to Burn and Fire Hazards,2026-04-09,Wybotics,consumer,recall,no_harm,,recall,4
TMR-0051,https://themachinerecord.com/case/waymo-recalled-1-212-robotaxis-after-nhtsa-opened-a-probe-into-16-collisions-bet-0051,"Waymo recalled 1,212 robotaxis after NHTSA opened a probe into 16 collisions between 2022 and late 2024 in which Waymo vehicles struck chains, gates, and other roadway barriers, with no injuries reported.",2025-05-14,Waymo,autonomous_vehicle,recall,property_damage,USA,recall,10
TMR-0052,https://themachinerecord.com/case/zoox-issued-a-voluntary-software-recall-affecting-332-vehicles-after-its-autonom-0052,"Zoox issued a voluntary software recall affecting 332 vehicles after its autonomous driving system caused robotaxis to cross center lane lines or block crosswalks near intersections, with 62 such instances recorded between August 26 and December 5, 2025, and no collisions reported.",2025-08-26,Zoox,autonomous_vehicle,recall,no_harm,USA,recall,3
TMR-0053,https://themachinerecord.com/case/medtronic-issued-an-urgent-field-safety-notice-in-europe-for-its-hugo-surgical-r-0053,"Medtronic issued an urgent field safety notice in Europe for its Hugo surgical robot's surgeon consoles due to potential main power supply failures, with 25 complaints received including six non-serious injuries and no serious patient harm reported.",2025-06-12,Medtronic,surgical,recall,minor_injury,Europe,report,1
TMR-0054,https://themachinerecord.com/case/husqvarna-recalls-all-wheel-drive-robotic-lawnmowers-due-to-fire-hazard-recall-a-0054,Husqvarna Recalls All-Wheel Drive Robotic Lawnmowers Due to Fire Hazard (Recall Alert),2022-02-17,Husqvarna,consumer,recall,no_harm,United States,recall,1
TMR-0055,https://themachinerecord.com/case/an-unoccupied-zoox-driverless-robotaxi-struggled-to-navigate-heavy-smoke-at-a-fi-0055,"An unoccupied Zoox driverless robotaxi struggled to navigate heavy smoke at a fire scene on June 20, 2026, braking hard and coming to a stop, prompting a software recall across all 105 of the company's public-road vehicles.",2026-06-20,Zoox,autonomous_vehicle,recall,no_harm,United States,recall,22
TMR-0056,https://themachinerecord.com/case/the-fda-issued-a-warning-letter-to-globus-medical-after-finding-that-the-company-0056,"The FDA issued a warning letter to Globus Medical after finding that the company failed to properly investigate complaints of misplaced screws and delayed reporting serious injuries, including spinal cord damage to a patient, associated with its ExcelsiusGPS surgical robot.",2024-08-14,Globus Medical,surgical,other,serious_injury,,report,1
TMR-0058,https://themachinerecord.com/case/cnn-analysis-of-government-records-and-social-media-videos-found-hundreds-of-inc-0058,"CNN analysis of government records and social media videos found hundreds of incidents in which Waymo robotaxis made dangerous maneuvers including running red lights, driving into oncoming traffic and flooded roads, and coming within inches of pedestrians across multiple US cities.",2026-06-03,Waymo,autonomous_vehicle,near_miss,no_harm,,report,1
TMR-0059,https://themachinerecord.com/case/two-unoccupied-waymo-robotaxis-separately-collided-with-the-same-improperly-towe-0059,"Two unoccupied Waymo robotaxis separately collided with the same improperly towed pickup truck in Phoenix, Arizona on December 11, 2023, resulting in minor damage and no injuries, prompting Waymo's first-ever software recall.",2023-12-11,Waymo,autonomous_vehicle,collision,property_damage,"Phoenix, Arizona, USA",report,1
TMR-0060,https://themachinerecord.com/case/a-robotic-vacuum-cleaner-s-lithium-battery-caught-fire-inside-a-miami-gardens-ho-0060,"A robotic vacuum cleaner's lithium battery caught fire inside a Miami Gardens home, resulting in a 20-year-old man being airlifted to hospital with injuries.",2026-02-05,iRobot,consumer,fire,serious_injury,"Miami Gardens, Florida, USA",report,1
TMR-0061,https://themachinerecord.com/case/a-daxbot-sidewalk-robot-being-directed-through-a-crosswalk-by-a-human-operator-w-0061,"A Daxbot sidewalk robot being directed through a crosswalk by a human operator was struck and damaged by a truck making a right turn at the intersection of West Martin Luther King Jr. Boulevard and North Palace Avenue in Tyler, Texas.",2026-06-11,Daxbot,delivery,collision,property_damage,"Tyler, Texas, USA",report,1
TMR-0062,https://themachinerecord.com/case/a-delivery-robot-rammed-into-the-back-of-a-pedestrian-s-leg-in-lincoln-park-chic-0062,"A delivery robot rammed into the back of a pedestrian's leg in Lincoln Park, Chicago, prompting a petition calling for a pause on robot deliveries citing collisions with people, pets, and bicyclists.",2025-12-09,,delivery,collision,minor_injury,"Chicago, Illinois, USA",report,1
TMR-0063,https://themachinerecord.com/case/a-tesla-remote-operator-while-attempting-to-maneuver-an-autonomous-model-y-out-o-0063,"A Tesla remote operator, while attempting to maneuver an autonomous Model Y out of a dead-end residential road in Houston, drove the vehicle into a hidden tree stump at 2 mph, causing minor property damage.",2026-05-01,Tesla,autonomous_vehicle,collision,property_damage,"Houston, Texas, USA",report,1
TMR-0064,https://themachinerecord.com/case/gm-cruise-robotaxi-injury-lawsuit-sent-to-arbitration-due-to-sign-in-wrap-agreem-0064,GM Cruise robotaxi injury lawsuit sent to arbitration due to sign-in wrap agreement,2026-07-15,General Motors,autonomous_vehicle,lawsuit,serious_injury,,report,1
TMR-0065,https://themachinerecord.com/case/an-unoccupied-waymo-robotaxi-struck-a-guard-gate-barrier-arm-at-the-entrance-of--0065,An unoccupied Waymo robotaxi struck a guard gate barrier arm at the entrance of a condo community in Miami-Dade County; no injuries were reported.,2026-05-17,Waymo,autonomous_vehicle,malfunction,property_damage,"Miami-Dade County, Florida, USA",report,2
TMR-0066,https://themachinerecord.com/case/tesla-s-robotaxi-service-reported-to-have-long-waits-and-stalled-rides-during-op-0066,Tesla's robotaxi service reported to have long waits and stalled rides during operation,2026-06-10,Tesla,autonomous_vehicle,malfunction,no_harm,,report,1
TMR-0067,https://themachinerecord.com/case/waymo-announced-it-would-skip-a-public-meeting-in-austin-convened-to-address-the-0067,Waymo announced it would skip a public meeting in Austin convened to address the incident in which one of its robotaxis blocked an ambulance.,2026-04-25,Waymo,autonomous_vehicle,other,no_harm,"Austin, Texas, USA",report,1
TMR-0068,https://themachinerecord.com/case/a-system-malfunction-caused-multiple-baidu-apollo-go-driverless-robotaxis-to-sta-0068,"A system malfunction caused multiple Baidu Apollo Go driverless robotaxis to stall in the middle of roads in Wuhan, leaving passengers stranded for hours, with police confirming the incident after receiving numerous calls on Tuesday night.",2026-03-31,Baidu,delivery,malfunction,no_harm,"Wuhan, China",follow_up,7
TMR-0069,https://themachinerecord.com/case/tesla-unredacted-17-autonomous-driving-crash-reports-filed-with-nhtsa-covering-i-0069,"Tesla unredacted 17 autonomous driving crash reports filed with NHTSA covering incidents from July 2025 through March 2026 in Austin, Texas, revealing that of the crashes involving its Robotaxi fleet, 13 resulted in property damage only, 2 had no injuries, 1 involved a minor injury without hospitalization, and 1 involved a minor injury requiring hospitalization.",2026-05-15,Tesla,autonomous_vehicle,collision,minor_injury,"Austin, Texas, USA",report,1
TMR-0070,https://themachinerecord.com/case/tesla-reported-an-eighth-crash-involving-its-robotaxi-fleet-in-austin-texas-occu-0070,"Tesla reported an eighth crash involving its Robotaxi fleet in Austin, Texas, occurring in October 2025, with no injuries reported, while the vehicle was proceeding straight and came into contact with an unspecified object or party.",2025-10-01,Tesla,autonomous_vehicle,collision,no_harm,"Austin, Texas, USA",report,1
TMR-0071,https://themachinerecord.com/case/a-waymo-driverless-vehicle-blocked-a-road-for-more-than-a-minute-near-an-active--0071,"A Waymo driverless vehicle blocked a road for more than a minute near an active mass shooting scene in Austin, causing an ambulance to turn around, though Austin-Travis County EMS said it did not believe the obstruction had an impact on patient outcomes.",2026-03-02,Waymo,delivery,other,no_harm,"Austin, Texas, USA",regulator,3
TMR-0072,https://themachinerecord.com/case/waymo-robotaxis-were-involved-in-an-accident-on-their-first-day-of-operations-in-0072,Waymo robotaxis were involved in an accident on their first day of operations in Charlotte.,2026-02-27,Waymo,autonomous_vehicle,collision,property_damage,"Charlotte, North Carolina, USA",report,1
TMR-0073,https://themachinerecord.com/case/waymo-robotaxi-hit-a-child-at-a-school-drop-off-location-triggering-a-federal-sa-0073,"Waymo robotaxi hit a child at a school drop-off location, triggering a federal safety inquiry.",2026-01-29,Waymo,autonomous_vehicle,collision,minor_injury,,report,1
TMR-0074,https://themachinerecord.com/case/tesla-reported-three-accidents-involving-its-robotaxi-service-model-y-vehicles-i-0074,"Tesla reported three accidents involving its Robotaxi service Model Y vehicles in Austin, Texas, in July 2025, including one with a minor injury and two with only property damage, while redacting narrative details from NHTSA filings.",2025-09-17,Tesla,autonomous_vehicle,collision,minor_injury,"Austin, Texas, USA",report,1
TMR-0075,https://themachinerecord.com/case/a-hellobike-robotaxi-struck-two-pedestrians-on-a-street-in-zhuzhou-hunan-provinc-0075,"A Hellobike robotaxi struck two pedestrians on a street in Zhuzhou, Hunan province, China, prompting local authorities to suspend the company's robotaxi operations in the city.",2025-12-06,Hellobike,autonomous_vehicle,collision,minor_injury,"Zhuzhou, Hunan, China",report,1
TMR-0076,https://themachinerecord.com/case/a-waymo-robotaxi-stalled-during-a-wildfire-near-i-280-and-was-moved-to-safety-by-0076,A Waymo robotaxi stalled during a wildfire near I-280 and was moved to safety by the California Highway Patrol.,2026-03-25,Waymo,autonomous_vehicle,malfunction,no_harm,"I-280, California",report,1
TMR-0077,https://themachinerecord.com/case/a-waymo-robotaxi-stalled-on-a-narrow-bridge-over-the-venice-canals-during-a-holi-0077,"A Waymo robotaxi stalled on a narrow bridge over the Venice Canals during a holiday boat parade, causing a 45-minute traffic backup of at least a mile.",2025-12-14,Waymo,autonomous_vehicle,malfunction,no_harm,"Los Angeles, California, USA",report,1
TMR-0078,https://themachinerecord.com/case/during-a-widespread-power-outage-affecting-approximately-130-000-pg-e-customers--0078,"During a widespread power outage affecting approximately 130,000 PG&E customers in San Francisco, multiple Waymo robotaxis stalled in traffic and clogged roadways, prompting the company to suspend its ride-hailing service until the following day.",2025-12-20,Waymo,autonomous_vehicle,malfunction,no_harm,"San Francisco, California, USA",report,1
TMR-0079,https://themachinerecord.com/case/a-baidu-apollo-rt6-robotaxi-operated-by-hello-collided-with-two-pedestrians-on-y-0079,"A Baidu Apollo RT6 robotaxi operated by Hello collided with two pedestrians on Yanjiang Road in Zhuzhou, China, trapping one person beneath the vehicle; both a man and a woman were transported to the ICU.",2025-12-07,Baidu,autonomous_vehicle,collision,serious_injury,"Zhuzhou, China",follow_up,2
TMR-0080,https://themachinerecord.com/case/three-waymo-robotaxis-became-deadlocked-on-a-san-francisco-street-after-two-navi-0080,"Three Waymo robotaxis became deadlocked on a San Francisco street after two navigated into a dead end and a third behaved erratically, requiring a human Waymo employee to manually move each vehicle.",2025-12-12,Waymo,autonomous_vehicle,malfunction,no_harm,"San Francisco, California, USA",report,1
TMR-0081,https://themachinerecord.com/case/a-waymo-robotaxi-entered-a-drive-thru-the-wrong-way-in-los-angeles-causing-conce-0081,"A Waymo robotaxi entered a drive-thru the wrong way in Los Angeles, causing concern for a waiting passenger's family before the vehicle stopped and the passenger boarded.",2026-04-05,Waymo,autonomous_vehicle,malfunction,no_harm,"Los Angeles, California, USA",report,1
TMR-0082,https://themachinerecord.com/case/an-unoccupied-waymo-robotaxi-stopped-between-a-railroad-crossing-arm-and-the-tra-0082,"An unoccupied Waymo robotaxi stopped between a railroad crossing arm and the tracks in Texas, remaining stationary as a train passed within inches of the vehicle.",2026-03-11,Waymo,autonomous_vehicle,near_miss,no_harm,"Texas, USA",report,1
TMR-0083,https://themachinerecord.com/case/an-unoccupied-waymo-robotaxi-stopped-at-a-traffic-light-was-rear-ended-in-a-mult-0083,"An unoccupied Waymo robotaxi stopped at a traffic light was rear-ended in a multi-vehicle collision at Sixth and Harrison Streets in San Francisco, killing one person and injuring seven others.",2025-01-19,Waymo,autonomous_vehicle,collision,fatality,"San Francisco, California, USA",report,2
TMR-0084,https://themachinerecord.com/case/a-tesla-robotaxi-model-y-drove-into-the-side-of-a-parked-toyota-camry-in-the-par-0084,"A Tesla Robotaxi (Model Y) drove into the side of a parked Toyota Camry in the parking lot of Home Slice Pizza in Austin after completing a drop-off, lightly grazing the Camry's right tire.",2025-07-06,Tesla,autonomous_vehicle,collision,property_damage,"Austin, Texas, USA",report,1
TMR-0085,https://themachinerecord.com/case/a-waymo-robotaxi-stalled-while-making-a-u-turn-in-front-of-vice-president-kamala-0085,"A Waymo robotaxi stalled while making a U-turn in front of Vice President Kamala Harris' motorcade in San Francisco, requiring an SFPD officer to manually drive the vehicle out of the way.",2024-09-27,Waymo,autonomous_vehicle,malfunction,no_harm,"San Francisco, California, USA",report,1
TMR-0087,https://themachinerecord.com/case/a-tesla-robotaxi-safety-monitor-pressed-a-stop-button-on-the-center-touchscreen--0087,"A Tesla Robotaxi safety monitor pressed a stop button on the center touchscreen to prevent a near-collision with a reversing UPS truck as the autonomous vehicle attempted to pull into a parking spot in Austin, Texas.",2025-06-22,Tesla,autonomous_vehicle,near_miss,no_harm,"Austin, Texas, USA",report,1
TMR-0089,https://themachinerecord.com/case/two-cruise-autonomous-vehicles-stopped-in-traffic-lanes-on-august-14-2023-in-san-0089,"Two Cruise autonomous vehicles stopped in traffic lanes on August 14, 2023 in San Francisco, allegedly delaying an ambulance transporting a pedestrian with life-threatening injuries who later died at the hospital, though Cruise disputes that its vehicles impeded the ambulance.",2023-08-14,Cruise,autonomous_vehicle,other,fatality,"San Francisco, California, USA",report,2
TMR-0090,https://themachinerecord.com/case/a-zoox-autonomous-test-vehicle-equipped-with-amazon-s-automated-driving-system-s-0090,"A Zoox autonomous test vehicle equipped with Amazon's automated driving system stopped suddenly in San Francisco and was rear-ended by a motorcyclist who suffered minor injuries to their hands, prompting an NHTSA investigation opened on May 10, 2024.",2024-05-13,Zoox,autonomous_vehicle,injury,minor_injury,"San Francisco, California, USA",investigation,3
TMR-0091,https://themachinerecord.com/case/a-waymo-driverless-robotaxi-struck-a-bicyclist-who-was-occluded-by-a-truck-at-th-0091,"A Waymo driverless robotaxi struck a bicyclist who was occluded by a truck at the intersection of 17th Street and Mississippi Street in San Francisco, resulting in minor injuries to the cyclist who was not taken to the hospital.",2024-02-06,Waymo,autonomous_vehicle,collision,minor_injury,"San Francisco, California, USA",investigation,5
TMR-0092,https://themachinerecord.com/case/a-robot-vacuum-exploded-at-a-home-in-brabham-perth-critically-burning-25-year-ol-0092,"A robot vacuum exploded at a home in Brabham, Perth, critically burning a 25-year-old man over approximately 75% of his body and destroying the property.",2026-07-03,,consumer,fire,serious_injury,"Brabham, Western Australia, Australia",follow_up,9
TMR-0093,https://themachinerecord.com/case/a-robot-vacuum-cleaner-knocked-a-heat-gun-onto-the-floor-of-a-kailua-home-causin-0093,"A robot vacuum cleaner knocked a heat gun onto the floor of a Kailua home, causing it to turn on and start a fire that resulted in approximately $760,000 in damage to the structure and contents.",2024-04-22,,consumer,fire,property_damage,"Kailua, Hawaii, USA",report,1
TMR-0094,https://themachinerecord.com/case/a-proposed-class-action-lawsuit-alleges-that-ecovacs-deebot-robot-vacuums-contai-0094,A proposed class action lawsuit alleges that Ecovacs Deebot robot vacuums contain a defective motor built from substandard materials that causes the devices to fail prematurely and become wholly inoperable.,2023-05-12,Ecovacs,consumer,lawsuit,no_harm,,report,1
TMR-0095,https://themachinerecord.com/case/a-robotic-vacuum-cleaner-docked-in-its-charging-station-caused-a-fire-in-a-bunga-0095,"A robotic vacuum cleaner docked in its charging station caused a fire in a bungalow in Holland-on-Sea, Essex, resulting in two residents being treated for smoke inhalation and the lounge being severely damaged.",2023-04-09,,consumer,fire,minor_injury,"Holland-on-Sea, Essex, England, UK",report,1
TMR-0096,https://themachinerecord.com/case/irobot-warned-owners-that-certain-roomba-i7-clean-base-docking-stations-could-ma-0096,iRobot warned owners that certain Roomba i7+ Clean Base docking stations could malfunction and present a hazard if liquids collected by the robot vacuum were deposited into the unit.,2020-11-03,iRobot,consumer,recall,no_harm,,report,1
TMR-0097,https://themachinerecord.com/case/a-korean-housewife-s-hair-was-sucked-into-a-robot-vacuum-cleaner-causing-an-inci-0097,A Korean housewife's hair was sucked into a robot vacuum cleaner causing an incident at home.,2015-02-05,,consumer,injury,minor_injury,Korea,follow_up,5
TMR-0098,https://themachinerecord.com/case/hospitals-sue-surgical-robot-maker-over-allegedly-restrictive-contracts-0098,Hospitals sue surgical robot maker over allegedly restrictive contracts,2021-07-14,,surgical,lawsuit,no_harm,,report,1
TMR-0099,https://themachinerecord.com/case/class-certified-for-purchasers-in-antitrust-lawsuit-against-surgical-robot-manuf-0099,Class certified for purchasers in antitrust lawsuit against surgical robot manufacturer,2025-04-01,,surgical,lawsuit,no_harm,N.D. Cal.,report,1
TMR-0100,https://themachinerecord.com/case/lawsuits-allege-that-microscopic-cracks-in-the-insulating-covers-of-the-da-vinci-0100,Lawsuits allege that microscopic cracks in the insulating covers of the da Vinci Surgical System's Monopolar Curved Scissors allowed electrical current to leak and burn patients during minimally invasive surgeries at hospitals across the United States.,2013-06-14,Intuitive Surgical,surgical,injury,serious_injury,,report,1
TMR-0101,https://themachinerecord.com/case/asensus-surgical-issued-a-customer-alert-on-september-15-2023-warning-that-the-s-0101,"Asensus Surgical issued a customer alert on September 15, 2023, warning that the Senhance surgical robot's laparoscope instrument actuator could rotate continuously after disconnection from its remote control, posing a risk of tissue trauma, though no patient harm occurred, and the FDA classified it as a Class I recall.",2023-09-15,Asensus Surgical,surgical,recall,no_harm,,report,1
TMR-0102,https://themachinerecord.com/case/michelle-zarick-alleged-that-inadequately-insulated-electrified-scissors-on-the--0102,"Michelle Zarick alleged that inadequately insulated electrified scissors on the da Vinci robotic surgical system caused internal injuries during a 2009 hysterectomy, resulting in intestinal prolapse and emergency surgery requiring a hip-to-hip incision.",2009-01-01,Intuitive Surgical,surgical,lawsuit,serious_injury,"San Jose, California, USA",report,1
TMR-0103,https://themachinerecord.com/case/shareholders-filed-a-derivative-lawsuit-against-intuitive-surgical-alleging-the--0103,Shareholders filed a derivative lawsuit against Intuitive Surgical alleging the company underreported adverse events and concealed recalls related to its da Vinci surgical robot.,2014-03-25,Intuitive Surgical,surgical,lawsuit,serious_injury,,report,1
TMR-0104,https://themachinerecord.com/case/tesla-s-robotaxi-fleet-in-austin-accumulated-14-crashes-since-june-2025-includin-0104,"Tesla's Robotaxi fleet in Austin accumulated 14 crashes since June 2025, including one July 2025 incident later upgraded to require hospitalization, with the fleet crashing at approximately four times the rate of human drivers by Tesla's own benchmark.",2026-02-17,Tesla,autonomous_vehicle,collision,serious_injury,"Austin, Texas, USA",follow_up,2
TMR-0105,https://themachinerecord.com/case/tesla-s-optimus-humanoid-robot-production-is-reported-to-be-severely-behind-sche-0105,"Tesla's Optimus humanoid robot production is reported to be severely behind schedule due to technical bottlenecks with robot hands, with mostly complete units missing hands piling up at Tesla's facility.",2025-07-25,Tesla,humanoid,malfunction,no_harm,,report,1
TMR-0106,https://themachinerecord.com/case/during-the-spot-s-rampage-interactive-art-exhibit-in-a-brooklyn-studio-a-boston--0106,"During the 'Spot's Rampage' interactive art exhibit in a Brooklyn studio, a Boston Dynamics Spot robot equipped with a paintball gun malfunctioned and collapsed on its side approximately one hour after users began remotely controlling it to destroy artwork inside the space.",2021-02-24,Boston Dynamics,service,malfunction,property_damage,"Brooklyn, New York, USA",report,1
TMR-0107,https://themachinerecord.com/case/an-fdny-boston-dynamics-spot-robodog-fell-over-onto-its-side-while-surveying-the-0107,"An FDNY Boston Dynamics Spot robodog fell over onto its side while surveying the rubble of a collapsed parking garage in Manhattan, though it later recovered and helped locate the remains of a worker who died in the collapse.",2023-04-18,Boston Dynamics,service,malfunction,no_harm,"Manhattan, New York, USA",report,1
TMR-0108,https://themachinerecord.com/case/a-unitree-h1-humanoid-robot-suspended-from-a-crane-during-testing-in-a-chinese-f-0108,"A Unitree H1 humanoid robot suspended from a crane during testing in a Chinese factory suddenly malfunctioned, flailing its limbs, dragging its stand, and knocking a computer and other items to the floor while two handlers scrambled to avoid it.",2025-05-07,Unitree Robotics,humanoid,injury,property_damage,China,follow_up,2
TMR-0110,https://themachinerecord.com/case/a-boston-dynamics-robot-dog-fell-down-a-flight-of-stairs-and-broke-during-a-demo-0110,A Boston Dynamics robot dog fell down a flight of stairs and broke during a demonstration at Jaguar Land Rover's battery testing facility in Coventry.,2024-09-14,Boston Dynamics,service,malfunction,property_damage,"Coventry, England, UK",report,1
TMR-0111,https://themachinerecord.com/case/a-video-compilation-shows-multiple-delivery-robot-incidents-including-a-coco-rob-0111,"A video compilation shows multiple delivery robot incidents, including a Coco Robotics bot struck by a train, a Starship Technologies robot disrupting a marching band in Tennessee, a Coco bot dragged by a car in Los Angeles, another Coco bot falling down stairs, and a Serve Robotics bot left with a damaged tire after a collision.",2026-04-18,Coco Robotics,delivery,collision,property_damage,,report,1
TMR-0112,https://themachinerecord.com/case/a-starship-technologies-food-delivery-robot-waiting-in-a-curb-ramp-on-forbes-ave-0112,"A Starship Technologies food delivery robot waiting in a curb ramp on Forbes Avenue at Pitt's campus blocked the path of a wheelchair-using doctoral student, forcing her to alter her route to reach the sidewalk.",2019-10-21,Starship Technologies,delivery,other,no_harm,"Pittsburgh, Pennsylvania, USA",report,1
TMR-0113,https://themachinerecord.com/case/a-starship-technologies-delivery-robot-veered-into-a-canal-near-new-bradwell-in--0113,A Starship Technologies delivery robot veered into a canal near New Bradwell in Milton Keynes and had to be retrieved by the company.,2020-07-28,Starship Technologies,delivery,other,property_damage,"Milton Keynes, England, UK",report,1
TMR-0114,https://themachinerecord.com/case/two-starship-delivery-robots-faced-a-stalemate-on-a-cambridge-street-corner-unab-0114,"Two Starship delivery robots faced a stalemate on a Cambridge street corner, unable to pass each other.",2024-01-17,Starship Technologies,delivery,other,no_harm,"Cambridge, UK",report,1
TMR-0115,https://themachinerecord.com/case/a-pony-ai-autonomous-vehicle-operating-in-driverless-mode-struck-a-center-divide-0115,"A Pony.ai autonomous vehicle operating in driverless mode struck a center divider and traffic sign on Fremont Blvd in Fremont, California, sustaining moderate damage with no injuries reported.",2021-10-28,Pony.ai,autonomous_vehicle,other,property_damage,"Fremont, California, USA",report,1
TMR-0116,https://themachinerecord.com/case/a-waymo-robotaxi-collided-with-a-serve-robotics-sidewalk-delivery-robot-at-an-in-0116,"A Waymo robotaxi collided with a Serve Robotics sidewalk delivery robot at an intersection in West Hollywood, Los Angeles, with neither vehicle sustaining damage.",2024-12-27,Waymo,delivery,collision,no_harm,"West Hollywood, California, USA",report,1
TMR-0117,https://themachinerecord.com/case/a-waymo-robotaxi-slowing-to-turn-into-a-parking-lot-on-rural-road-near-arizona-s-0117,"A Waymo robotaxi slowing to turn into a parking lot on Rural Road near Arizona State University was rear-ended by a motorcyclist, who was then struck by a hit-and-run human driver and later died at the hospital.",2025-09-14,Waymo,autonomous_vehicle,fatality,fatality,"Tempe, Arizona, USA",report,1
TMR-0118,https://themachinerecord.com/case/a-cruise-self-driving-robotaxi-was-struck-by-a-san-francisco-fire-department-tru-0118,"A Cruise self-driving robotaxi was struck by a San Francisco Fire Department truck en route to an emergency at the intersection of Polk and Turk Streets in the Tenderloin district, resulting in one passenger being transported to a hospital with non-severe injuries.",2023-08-17,Cruise,autonomous_vehicle,collision,minor_injury,"San Francisco, California, USA",regulator,4
TMR-0119,https://themachinerecord.com/case/a-cruise-robotaxi-ran-over-a-pedestrian-who-had-been-pushed-into-its-path-by-a-h-0119,"A Cruise robotaxi ran over a pedestrian who had been pushed into its path by a hit-and-run vehicle and pinned the person beneath its tire in San Francisco, leading to California regulators revoking Cruise's robotaxi permits.",2023-10-02,Cruise,autonomous_vehicle,malfunction,serious_injury,"San Francisco, California, USA",report,27
TMR-0120,https://themachinerecord.com/case/a-cruise-autonomous-robotaxi-rear-ended-a-city-bus-at-approximately-10-mph-in-sa-0120,"A Cruise autonomous robotaxi rear-ended a city bus at approximately 10 MPH in San Francisco due to a software error in predicting the movement of articulated vehicles, prompting a voluntary recall of 300 AVs.",2023-04-10,Cruise,autonomous_vehicle,recall,minor_injury,"San Francisco, California, USA",report,1
TMR-0121,https://themachinerecord.com/case/a-driverless-waymo-jaguar-i-pace-robotaxi-collided-with-a-telephone-pole-at-8-mp-0121,"A driverless Waymo Jaguar I-Pace robotaxi collided with a telephone pole at 8 MPH while performing a low-speed pullover maneuver in an alley in Phoenix, sustaining damage but causing no injuries.",2024-05-21,Waymo,autonomous_vehicle,recall,property_damage,"Phoenix, Arizona, USA",recall,2
TMR-0123,https://themachinerecord.com/case/zoox-issues-software-recall-for-270-robotaxis-following-a-collision-in-las-vegas-0123,Zoox issues software recall for 270 robotaxis following a collision in Las Vegas,2025-05-06,Zoox,autonomous_vehicle,recall,no_harm,"Las Vegas, Nevada, USA",recall,4
TMR-0124,https://themachinerecord.com/case/zoox-issued-a-voluntary-software-recall-for-258-vehicles-equipped-with-autonomou-0124,"Zoox issued a voluntary software recall for 258 vehicles equipped with autonomous driving software released before November 5, 2024, following two incidents in which motorcyclists collided with the rear of Zoox-equipped Toyota Highlanders that were operating with their autonomous systems engaged.",2025-03-19,Zoox,autonomous_vehicle,recall,minor_injury,,report,1
TMR-0125,https://themachinerecord.com/case/a-unitree-g1-humanoid-robot-lost-its-balance-while-performing-in-front-of-a-crow-0125,"A Unitree G1 humanoid robot lost its balance while performing in front of a crowd in China, flailed its limbs during a recovery attempt, and kicked a man (apparently its operator) in the nose, causing bleeding and a possible fracture.",2026-02-18,Unitree Robotics,humanoid,injury,minor_injury,China,report,1
TMR-0126,https://themachinerecord.com/case/former-figure-ai-principal-robotic-safety-engineer-robert-gruendel-sued-the-comp-0126,"Former Figure AI principal robotic safety engineer Robert Gruendel sued the company in the Northern District of California, alleging he was dismissed in September 2025 after warning executives that the company's humanoid robots were powerful enough to fracture a human skull, and citing a malfunction in which a robot carved a quarter-inch gash into a steel refrigerator door.",2025-09-01,Figure AI,humanoid,lawsuit,property_damage,"Northern District of California, USA",lawsuit,4
TMR-0127,https://themachinerecord.com/case/figure-ai-retired-its-figure-02-humanoid-robots-after-an-11-month-deployment-at--0127,"Figure AI retired its Figure 02 humanoid robots after an 11-month deployment at BMW Manufacturing's Spartanburg, South Carolina plant, where they loaded sheet-metal parts and contributed to the production of over 30,000 BMW X3 vehicles, accumulating visible wear and tear but no reported injuries.",2025-11-20,Figure AI,humanoid,malfunction,no_harm,"Spartanburg, South Carolina, USA",report,1
TMR-0128,https://themachinerecord.com/case/a-software-engineer-inadvertently-discovered-a-security-vulnerability-in-dji-s-b-0128,"A software engineer inadvertently discovered a security vulnerability in DJI's backend servers that granted him access to live camera feeds, microphone audio, floor maps, and status data from nearly 7,000 DJI Romo robot vacuums across 24 countries.",2026-02-21,DJI,consumer,malfunction,no_harm,,report,1
TMR-0129,https://themachinerecord.com/case/nasa-s-robonaut-2-humanoid-robot-developed-with-general-motors-and-installed-on--0129,"NASA's Robonaut 2 humanoid robot, developed with General Motors and installed on the International Space Station, suffered progressive hardware failures beginning in 2015 traced to a missing ground cable and was being returned to Earth for repairs as of February 2018.",2015-01-01,NASA,humanoid,malfunction,no_harm,International Space Station,report,1
TMR-0130,https://themachinerecord.com/case/a-unitree-g1-humanoid-robot-deviated-from-its-planned-martial-arts-demonstration-0130,"A Unitree G1 humanoid robot deviated from its planned martial arts demonstration at a UFC event in Shanghai and moved toward UFC boss Dana White, who dodged away unharmed.",2025-08-23,Unitree Robotics,humanoid,malfunction,no_harm,"Shanghai, China",report,1
TMR-0131,https://themachinerecord.com/case/a-humanoid-robot-malfunctioned-at-a-festival-in-china-and-moved-toward-attendees-0131,"A humanoid robot malfunctioned at a festival in China and moved toward attendees, prompting security guards to intervene; authorities confirmed the malfunction was unexpected and that the robot had passed prior tests.",2025-02-22,Unitree Robotics,humanoid,injury,minor_injury,China,follow_up,6
TMR-0133,https://themachinerecord.com/case/a-humanoid-robot-kicked-a-man-in-the-groin-area-during-a-sparring-session-drawin-0133,"A humanoid robot kicked a man in the groin area during a sparring session, drawing Elon Musk's reaction.",2025-12-29,,humanoid,injury,minor_injury,,report,1
TMR-0134,https://themachinerecord.com/case/a-man-in-his-40s-employed-by-an-industrial-robot-installation-company-was-crushe-0134,"A man in his 40s employed by an industrial robot installation company was crushed to death by a pick-and-place robotic arm at a vegetable-packaging plant in South Gyeongsang province, South Korea, after the robot apparently mistook him for a box of vegetables.",2023-11-07,,robot_arm,fatality,fatality,"South Gyeongsang province, South Korea",follow_up,6
TMR-0135,https://themachinerecord.com/case/a-robotics-company-employee-in-his-40s-was-crushed-to-death-by-a-robotic-arm-at--0135,"A robotics company employee in his 40s was crushed to death by a robotic arm at a pepper sorting plant in South Gyeongsang province, South Korea, after the arm confused him for a box of vegetables and pushed him against a conveyor belt.",2023-11-08,,robot_arm,fatality,fatality,"South Gyeongsang province, South Korea",follow_up,27
TMR-0136,https://themachinerecord.com/case/dunedin-robotics-company-charged-following-a-worker-s-death-involving-a-robot-0136,Dunedin robotics company charged following a worker's death involving a robot,2026-05-15,Scott Technology,other,fatality,fatality,"Dunedin, New Zealand",criminal_charge,2
TMR-0137,https://themachinerecord.com/case/twenty-year-old-a-person-was-crushed-to-death-inside-a-robotic-welding-station-a-0137,"A twenty-year-old worker was crushed to death inside a robotic welding station at the Ajin USA facility in Cusseta, Alabama, when the robot abruptly restarted while she and co-workers were clearing a sensor fault.",2016-06-18,,robot_arm,fatality,fatality,"Cusseta, Alabama, USA",lawsuit,7
TMR-0138,https://themachinerecord.com/case/j-t-beckham-a-man-in-his-20s-was-killed-when-he-was-pinned-by-a-welding-robot-at-0138,"J.T. Beckham, a man in his 20s, was killed when he was pinned by a welding robot at the Unipres USA manufacturing plant in Forest, Mississippi.",2022-09-01,,robot_arm,fatality,fatality,"Forest, Mississippi, USA",report,1
TMR-0139,https://themachinerecord.com/case/a-tesla-software-engineer-was-attacked-by-a-robot-at-tesla-s-a-person-factory-in-0139,"A Tesla software engineer was attacked by a robot at Tesla's Giga Texas factory in Austin when a third robot that had not been disabled pinned him and sank its metal claws into his back and arm, causing lacerations.",2021-12-31,Tesla,robot_arm,injury,serious_injury,"Austin, Texas, USA",lawsuit,13
TMR-0140,https://themachinerecord.com/case/robot-crushes-20-year-old-worker-to-death-at-hyundai-kia-supplier-facility-0140,Robot crushes 20-year-old worker to death at Hyundai/Kia supplier facility,2023-03-09,,robot_arm,fatality,fatality,USA,follow_up,2
TMR-0141,https://themachinerecord.com/case/chinese-robot-dog-malfunctioned-or-glitched-during-india-s-ai-summit-0141,Chinese robot dog malfunctioned or glitched during India's AI summit,2026-02-18,,service,malfunction,no_harm,India,report,1
TMR-0142,https://themachinerecord.com/case/youtuber-ishowspeed-was-set-on-fire-during-a-livestream-when-his-robot-dog-equip-0142,"YouTuber IShowSpeed was set on fire during a livestream when his robot dog equipped with a flamethrower shot flames at him multiple times, causing him to jump into a pool to escape.",2024-09-02,,consumer,injury,minor_injury,,report,1
TMR-0143,https://themachinerecord.com/case/a-self-driving-tesla-model-s-struck-and-destroyed-a-promobot-v4-autonomous-servi-0143,"A self-driving Tesla Model S struck and destroyed a Promobot v4 autonomous service robot in a parking lot street at 3000 Paradise Road, Las Vegas, while the robot was being transported to the Consumer Electronics Show venue.",2019-01-06,Promobot,service,collision,property_damage,"Las Vegas, Nevada, USA",report,1
TMR-0144,https://themachinerecord.com/case/two-construction-workers-in-washington-state-were-severely-injured-in-separate-i-0144,"Two construction workers in Washington State were severely injured in separate incidents involving remote-controlled demolition robots: one was pinned against a wall with his chest severely crushed, and another suffered broken bones and nerve damage when a machine came down on his foot.",2019-06-03,,other,injury,serious_injury,"Washington State, USA",report,1
TMR-0145,https://themachinerecord.com/case/a-baidu-apollo-go-robotaxi-carrying-a-female-passenger-fell-into-a-deep-construc-0145,"A Baidu Apollo Go robotaxi carrying a female passenger fell into a deep construction pit in Chongqing, China; the passenger was uninjured and rescued by local residents using a ladder.",2025-08-06,Baidu,autonomous_vehicle,collision,no_harm,"Chongqing, China",report,1
TMR-0146,https://themachinerecord.com/case/a-bear-robotics-administrative-robot-employed-by-gumi-city-council-fell-down-a-f-0146,"A Bear Robotics administrative robot employed by Gumi City Council fell down a flight of stairs between the first and second floors of the council building, destroying itself.",2024-07-05,Bear Robotics,service,other,property_damage,"Gumi, South Korea",report,1
TMR-0147,https://themachinerecord.com/case/a-fire-believed-to-have-been-sparked-by-a-robot-vacuum-broke-out-at-a-hanyang-ap-0147,"A fire believed to have been sparked by a robot vacuum broke out at a Hanyang Apartments unit in Apgujeong-dong, Gangnam District, Seoul, forcing more than 20 residents to evacuate and requiring 133 firefighting personnel to extinguish; one resident suffered dizziness from smoke inhalation.",2026-07-21,,consumer,fire,property_damage,"Seoul, South Korea",investigation,3
TMR-0148,https://themachinerecord.com/case/hackers-remotely-took-control-of-ecovacs-deebot-x2-robot-vacuums-in-multiple-us--0148,"Hackers remotely took control of Ecovacs Deebot X2 robot vacuums in multiple US cities, using their speakers to yell racial slurs at owners and their cameras to surveil homes.",2024-05-24,Ecovacs,consumer,other,no_harm,"Multiple US cities (including Minnesota, Los Angeles CA, El Paso TX), USA",follow_up,2
TMR-0149,https://themachinerecord.com/case/a-cleaning-robot-caught-fire-while-charging-in-ward-76-of-singapore-general-hosp-0149,"A cleaning robot caught fire while charging in Ward 76 of Singapore General Hospital, activating the sprinkler system and prompting evacuation of patients, with no injuries reported.",2024-06-08,,service,fire,property_damage,Singapore,follow_up,4
TMR-0150,https://themachinerecord.com/case/a-roomba-robotic-vacuum-cleaner-ran-over-dog-feces-and-spread-the-mess-across-ev-0150,"A Roomba robotic vacuum cleaner ran over dog feces and spread the mess across every surface throughout a home in Little Rock, Arkansas.",2016-08-15,iRobot,consumer,malfunction,property_damage,"Little Rock, Arkansas, USA",report,1
TMR-0151,https://themachinerecord.com/case/a-54-year-old-man-with-a-a-person-complete-spinal-cord-injury-sustained-bilatera-0151,"A 54-year-old man with a T10 complete spinal cord injury sustained bilateral proximal tibial fractures during a powered robotic exoskeleton physiotherapy session, requiring manipulation under anaesthetic and 12 weeks of non-weight-bearing treatment.",2024-04-16,,other,injury,serious_injury,,report,1
TMR-0152,https://themachinerecord.com/case/a-paralyzed-former-jockey-was-left-unable-to-use-his-rea-person-exoskeleton-afte-0152,"A paralyzed former jockey was left unable to use his ReWalk Personal exoskeleton after manufacturer Lifeward refused to service the device due to its age, before eventually agreeing to repair it following a public campaign.",2024-09-27,Lifeward,other,malfunction,no_harm,,report,1
TMR-0153,https://themachinerecord.com/case/reporter-trapped-inside-a-self-driving-robotaxi-during-an-anti-robot-protest-att-0153,Reporter trapped inside a self-driving robotaxi during an anti-robot protest attack on the vehicle.,2026-03-17,,autonomous_vehicle,other,no_harm,,report,1
TMR-0154,https://themachinerecord.com/case/a-man-claiming-to-be-an-amazon-warehouse-employee-posted-a-viral-tiktok-video-sh-0154,"A man claiming to be an Amazon warehouse employee posted a viral TikTok video showing himself temporarily trapped in an aisle by automatically moving robotic shelving units, taking approximately 15 minutes to find a way out with no reported injury.",2022-03-08,Amazon,warehouse_amr,other,no_harm,,report,1
TMR-0155,https://themachinerecord.com/case/a-worker-at-ventra-ionia-main-was-trapped-by-robotic-machinery-and-pronounced-de-0155,"A worker at Ventra Ionia Main was trapped by robotic machinery and pronounced dead at the scene in Ionia, Michigan.",2015-07-07,,robot_arm,fatality,fatality,"Ionia, Michigan, USA",report,2
TMR-0156,https://themachinerecord.com/case/a-man-was-crushed-to-death-by-the-compactor-mechanism-of-an-automated-dumpster-i-0156,"A man was crushed to death by the compactor mechanism of an automated dumpster in Alexandroupolis, Greece, after reaching inside the bin.",2022-05-16,,industrial,fatality,fatality,"Alexandroupolis, Greece",report,1
TMR-0157,https://themachinerecord.com/case/dallas-pd-used-a-robot-to-kill-a-suspect-after-negotiations-failed-during-a-stan-0157,Dallas PD used a robot to kill a suspect after negotiations failed during a standoff.,2016-07-07,,other,fatality,fatality,"Dallas, Texas, USA",report,1
TMR-0158,https://themachinerecord.com/case/robot-glitch-at-honda-factory-caused-vehicles-to-be-assembled-with-loose-driver--0158,"Robot glitch at Honda factory caused vehicles to be assembled with loose driver's seats, leading to a recall",2026-02-05,Honda,robot_arm,malfunction,property_damage,,report,1
TMR-0159,https://themachinerecord.com/case/a-serve-robotics-food-delivery-robot-crashed-into-and-shattered-the-glass-of-a-c-0159,"A Serve Robotics food delivery robot crashed into and shattered the glass of a CTA bus shelter at Grand and Racine in Chicago's West Town neighborhood, with no injuries reported.",2026-03-23,Serve Robotics,delivery,collision,property_damage,"Chicago, Illinois, USA",follow_up,4
TMR-0160,https://themachinerecord.com/case/a-robotic-vacuum-exploded-at-a-family-home-in-fenton-raising-concerns-about-a-br-0160,"A robotic vacuum exploded at a family home in Fenton, raising concerns about a broader safety problem",2024-03-05,,consumer,fire,property_damage,"Fenton, Missouri",report,1
TMR-0161,https://themachinerecord.com/case/a-deebot-ecovac-robotic-vacuum-is-suspected-of-catching-fire-in-a-fort-thomas-ke-0161,"A Deebot Ecovac robotic vacuum is suspected of catching fire in a Fort Thomas, Kentucky home, causing damage to the property while the owner escaped unharmed.",2019-02-14,Ecovacs,consumer,fire,property_damage,"Fort Thomas, Kentucky, USA",report,2
TMR-0162,https://themachinerecord.com/case/a-driverless-cruise-autonomous-vehicle-was-struck-by-a-semi-truck-performing-a-l-0162,"A driverless Cruise autonomous vehicle was struck by a semi-truck performing a left turn from the right lane near Golden Gate Park in San Francisco, sustaining damage to its passenger-side mirror, a camera, and a tire, with no passengers in the vehicle and no injuries reported.",2023-08-07,Cruise,autonomous_vehicle,collision,property_damage,"San Francisco, California, USA",report,1
TMR-0164,https://themachinerecord.com/case/an-unoccupied-zoox-robotaxi-was-struck-by-an-electric-scooter-at-a-san-francisco-0164,"An unoccupied Zoox robotaxi was struck by an electric scooter at a San Francisco intersection after braking to yield, causing the rider to fall; the robotaxi continued moving and completed a turn before stopping without making further contact with the rider, who sustained minor injuries.",2025-05-08,Zoox,autonomous_vehicle,recall,minor_injury,"San Francisco, California, USA",recall,9
TMR-0165,https://themachinerecord.com/case/a-robot-vacuum-cleaner-reactivated-itself-on-a-kitchen-worktop-in-austria-pushed-0165,"A robot vacuum cleaner reactivated itself on a kitchen worktop in Austria, pushed a cooking pot aside, landed on a hot stove element, melted and caught fire, causing smoke damage that rendered the home uninhabitable.",2013-11-13,,consumer,malfunction,property_damage,Austria,report,1
TMR-0167,https://themachinerecord.com/case/a-person-an-employee-of-n-c-enterprises-ltd-in-kilmeague-was-struck-and-killed-b-0167,An employee of N&C Enterprises Ltd. in Kilmeague was struck and killed by a rotating robotic arm after entering a restricted area through a retrofitted gate that bypassed the plant's safety protections.,2025-05-26,,robot_arm,fatality,fatality,"Kilmeague, Ireland",report,1
TMR-0168,https://themachinerecord.com/case/a-worker-was-crushed-to-death-under-a-robotic-arm-0168,A worker was crushed to death under a robotic arm.,2013-12-04,,robot_arm,fatality,fatality,,report,1
TMR-0169,https://themachinerecord.com/case/a-newlywed-employee-at-a-co-armagh-firm-was-killed-by-a-falling-robot-resulting--0169,"A newlywed employee at a Co Armagh firm was killed by a falling robot, resulting in the company being fined £50,000.",2019-03-22,,robot_arm,fatality,fatality,"County Armagh, Northern Ireland, UK",report,1
TMR-0170,https://themachinerecord.com/case/an-aiper-seagull-pro-zt6001-robotic-pool-vacuum-cleaner-caught-fire-while-chargi-0170,"An Aiper Seagull Pro ZT6001 robotic pool vacuum cleaner caught fire while charging in Canada, prompting a Health Canada recall of 2,606 units sold between July 2023 and April 2024.",2025-04-12,Aiper,consumer,recall,property_damage,Canada,report,1
TMR-0171,https://themachinerecord.com/case/a-doordash-delivery-robot-wandered-into-an-active-swat-operation-and-refused-to--0171,A DoorDash delivery robot wandered into an active SWAT operation and refused to leave,2026-07-25,DoorDash,delivery,other,no_harm,,follow_up,2
TMR-0172,https://themachinerecord.com/case/qualcomm-s-new-ai-robot-collapsed-and-malfunctioned-during-an-on-stage-demonstra-0172,Qualcomm's new AI robot collapsed and malfunctioned during an on-stage demonstration,2026-07-26,Qualcomm,other,malfunction,no_harm,,follow_up,7
TMR-0173,https://themachinerecord.com/case/auto-parts-company-fined-1-5-million-after-worker-was-killed-by-a-robotic-arm-0173,Auto-parts company fined $1.5 million after worker was killed by a robotic arm,2020-11-09,,robot_arm,fatality,fatality,,fine,4
TMR-0176,https://themachinerecord.com/case/a-dancing-humanoid-robot-at-a-university-sports-event-in-shaanxi-china-suddenly--0176,"A dancing humanoid robot at a university sports event in Shaanxi, China suddenly turned and hugged a female dancer beside it before staff intervened and pulled it away.",2026-04-26,,humanoid,other,no_harm,"Shaanxi, China",follow_up,2
TMR-0177,https://themachinerecord.com/case/saudi-humanoid-robot-muhammad-allegedly-touched-female-reporter-a-person-inappro-0177,Saudi humanoid robot 'Muhammad' allegedly touched a female reporter inappropriately on her back during its public launch at the DeepFast event in Riyadh.,2024-03-04,,humanoid,other,minor_injury,"Riyadh, Saudi Arabia",report,1
TMR-0179,https://themachinerecord.com/case/boston-dynamics-atlas-humanoid-robot-performed-a-backflip-during-a-ces-2026-demo-0179,"Boston Dynamics' Atlas humanoid robot performed a backflip during a CES 2026 demonstration in Las Vegas, landing successfully but losing its hand in the process.",2026-01-07,Boston Dynamics,humanoid,malfunction,property_damage,"Las Vegas, Nevada, USA",report,1
TMR-0180,https://themachinerecord.com/case/an-unmanned-cruise-autonomous-vehicle-struck-a-woman-s-off-leash-labrador-in-a-c-0180,An unmanned Cruise autonomous vehicle struck a woman's off-leash Labrador in a crosswalk at Clay and Baker streets in San Francisco; the dog was reported uninjured.,2023-06-15,Cruise,autonomous_vehicle,collision,no_harm,"San Francisco, California, USA",report,1
TMR-0183,https://themachinerecord.com/case/aiper-elite-pro-cordless-robotic-pool-vacuum-cleaners-recalled-due-to-burn-and-f-0183,Aiper Elite Pro Cordless Robotic Pool Vacuum Cleaners Recalled Due to Burn and Fire Hazards; Distributed by Shenzhen Aiper Intelligent Co. (Recall Alert),2023-08-24,,consumer,recall,,,recall,3
TMR-0187,https://themachinerecord.com/case/a-worker-at-highline-mushrooms-kingsville-plant-was-critically-injured-after-bec-0187,"A worker at Highline Mushrooms' Kingsville plant was critically injured after becoming entangled in netting on a net washer machine's rotating bar, resulting in a $143,750 fine against Highline Produce Limited.",2023-07-20,,agricultural,injury,serious_injury,"Kingsville, Ontario, Canada",report,1
TMR-0189,https://themachinerecord.com/case/during-its-public-unveiling-in-kyoto-the-humanoid-robot-prototype-seimei-suffere-0189,"During its public unveiling in Kyoto, the humanoid robot prototype SEIMEI suffered a leg component malfunction just before the presentation, preventing any walking demonstration.",2026-04-28,Kyoto Humanoid Association (KyoHA),humanoid,malfunction,no_harm,"Kyoto, Japan",report,1
TMR-0193,https://themachinerecord.com/case/a-humanoid-robot-performing-at-a-university-dance-event-in-shaanxi-province-chin-0193,"A humanoid robot performing at a university dance event in Shaanxi province, China, unexpectedly moved toward and hugged a female student, with staff quickly intervening; the student was not injured, and the incident was attributed to signal interference from simultaneously operating drones.",2026-04-26,,humanoid,other,no_harm,"Shaanxi, China",follow_up,1
TMR-0194,https://themachinerecord.com/case/a-driverless-waymo-robotaxi-struck-a-child-who-had-stepped-into-the-street-from--0194,"A driverless Waymo robotaxi struck a child who had stepped into the street from behind an SUV during morning drop-off outside a Santa Monica elementary school, resulting in minor injuries.",2026-01-23,Waymo,autonomous_vehicle,collision,minor_injury,"Santa Monica, California, USA",investigation,4
TMR-0196,https://themachinerecord.com/case/a-factory-worker-was-pinned-to-a-bench-and-crushed-to-death-by-a-robot-at-the-va-0196,"A factory worker was pinned to a bench and crushed to death by a robot at the Vandapac factory in Chonburi, Thailand.",2024-03-27,,robot_arm,fatality,fatality,"Chonburi, Thailand",report,1
TMR-0197,https://themachinerecord.com/case/a-robot-arm-crushed-a-factory-worker-to-death-in-chon-buri-thailand-0197,"A robot arm crushed a factory worker to death in Chon Buri, Thailand.",2024-03-29,,robot_arm,fatality,fatality,"Chon Buri, Thailand",report,1
TMR-0198,https://themachinerecord.com/case/a-robot-arm-slammed-down-onto-a-worker-pinning-him-to-a-bench-and-killing-him-wh-0198,"A robot arm slammed down onto a worker, pinning him to a bench and killing him while he was laying out sheets of metal at the Vandapac factory in Chonburi province, Thailand.",2024-03-28,,robot_arm,fatality,fatality,"Chonburi, Thailand",report,1
TMR-0199,https://themachinerecord.com/case/a-waymo-robotaxi-became-stuck-perpendicular-across-a-road-while-executing-a-u-tu-0199,"A Waymo robotaxi became stuck perpendicular across a road while executing a U-turn during an active shooter incident in Austin, Texas, blocking an ambulance and requiring a police officer to manually drive it away.",2026-03-01,Waymo,autonomous_vehicle,other,no_harm,"Austin, Texas, USA",follow_up,6
TMR-0204,https://themachinerecord.com/case/a-driverless-cruise-robotaxi-with-no-passengers-rear-ended-a-san-francisco-munic-0204,"A driverless Cruise robotaxi with no passengers rear-ended a San Francisco Municipal Transportation Agency Muni bus, causing modest damage to the bus and more severe damage to the robotaxi's front bumper, with no injuries reported.",2023-03-24,Cruise,autonomous_vehicle,collision,property_damage,"San Francisco, California, USA",follow_up,2
TMR-0205,https://themachinerecord.com/case/husqvarna-s-automower-435x-and-automower-535-robot-lawn-mowers-caught-fire-durin-0205,"Husqvarna's Automower 435X and Automower 535 robot lawn mowers caught fire during battery charging, resulting in five reported fire incidents, prompting a safety recall by the OPSS.",2022-07-05,Husqvarna,consumer,recall,property_damage,,recall,1
TMR-0206,https://themachinerecord.com/case/a-starship-technologies-food-delivery-robot-operated-for-s-group-slid-off-an-icy-0206,"A Starship Technologies food delivery robot operated for S Group slid off an icy sidewalk in Helsinki, scratching both doors of a parked car, then fled the scene after a passerby placed it back on the road.",2024-02-01,Starship Technologies,delivery,collision,property_damage,"Helsinki, Finland",report,1
TMR-0208,https://themachinerecord.com/case/an-out-of-control-humanoid-robot-caused-a-disturbance-in-china-alarming-engineer-0208,"An 'out of control' humanoid robot caused a disturbance in China, alarming engineers nearby.",2025-05-03,Unitree Robotics,humanoid,malfunction,no_harm,China,follow_up,6
TMR-0209,https://themachinerecord.com/case/xpeng-motors-humanoid-robot-iron-fell-face-first-onto-a-stage-during-its-first-p-0209,XPeng Motors' humanoid robot IRON fell face-first onto a stage during its first public appearance at a shopping mall in southern China.,2026-02-01,Xpeng,humanoid,malfunction,property_damage,southern China,follow_up,4
TMR-0210,https://themachinerecord.com/case/a-unitree-g1-humanoid-robot-suffered-a-mid-performance-malfunction-while-dancing-0210,"A Unitree G1 humanoid robot suffered a mid-performance malfunction while dancing to Michael Jackson's 'Billie Jean' at the Future Era robot store in Shenzhen, China, stumbling and collapsing before being dragged off stage by a human assistant.",2026-05-22,Unitree Robotics,humanoid,malfunction,no_harm,"Shenzhen, China",report,1
TMR-0211,https://themachinerecord.com/case/a-tesla-robotaxi-safety-monitor-used-the-in-lane-stop-button-on-the-main-display-0211,"A Tesla Robotaxi safety monitor used the In Lane Stop button on the main display to halt the autonomous vehicle and prevent a potential low-speed collision with a reversing UPS truck while the robotaxi was pulling over to a destination in Austin, Texas.",2025-06-25,Tesla,autonomous_vehicle,near_miss,no_harm,"Austin, Texas, USA",follow_up,3
TMR-0213,https://themachinerecord.com/case/gm-s-cruise-recalls-nearly-1-200-robotaxis-to-close-a-us-government-probe-stemmi-0213,"GM's Cruise recalls nearly 1,200 robotaxis to close a US government probe stemming from a crash.",2024-08-22,Cruise,autonomous_vehicle,recall,serious_injury,United States,recall,1
TMR-0214,https://themachinerecord.com/case/a-cruise-driverless-robotaxi-braked-harshly-while-making-an-unprotected-left-tur-0214,"A Cruise driverless robotaxi braked harshly while making an unprotected left turn and was struck by an oncoming speeding vehicle in San Francisco, resulting in minor injuries.",2022-06-03,Cruise,autonomous_vehicle,recall,minor_injury,"San Francisco, California, USA",recall,1
TMR-0215,https://themachinerecord.com/case/zoox-issued-a-software-recall-to-prevent-unnecessary-lane-crossings-by-its-robot-0215,Zoox issued a software recall to prevent unnecessary lane crossings by its robotaxis,2025-12-24,Zoox,autonomous_vehicle,recall,no_harm,,recall,1
TMR-0217,https://themachinerecord.com/case/a-unitree-h1-humanoid-robot-struck-a-person-during-the-1500-meter-race-at-the-hu-0217,A Unitree H1 humanoid robot struck a bystander during the 1500-meter race at the Humanoid Robot Sports Games when two human operators failed to issue an evasion command in time during a remote-control handover.,2025-08-15,Unitree Robotics,humanoid,collision,minor_injury,China,report,1
TMR-0218,https://themachinerecord.com/case/during-a-public-robot-dance-show-in-shaanxi-china-a-humanoid-robot-performing-a--0218,"During a public robot dance show in Shaanxi, China, a humanoid robot performing a spinning routine swung its arm outward and struck a young boy standing near the stage.",2026-03-25,,humanoid,injury,minor_injury,"Shaanxi, China",report,1
TMR-0220,https://themachinerecord.com/case/a-humanoid-robot-fell-on-its-face-during-its-debut-public-appearance-prompting-g-0220,"A humanoid robot fell on its face during its debut public appearance, prompting global concern.",2025-11-13,,humanoid,malfunction,no_harm,,report,1
TMR-0221,https://themachinerecord.com/case/a-unitree-humanoid-robot-malfunctioned-during-a-festive-performance-in-a-beijing-0221,"A Unitree humanoid robot malfunctioned during a festive performance in a Beijing park, aggressively flailing its limbs near human dancers until organizers powered it down.",2026-05-02,Unitree Robotics,humanoid,injury,no_harm,"Beijing, China",report,1
TMR-0223,https://themachinerecord.com/case/waymo-robotaxi-blocked-a-road-during-a-mass-shooting-incident-in-the-us-0223,Waymo robotaxi blocked a road during a mass shooting incident in the US,2026-03-03,,autonomous_vehicle,other,no_harm,USA,report,1
TMR-0224,https://themachinerecord.com/case/30m-surgical-robot-defect-trial-settles-during-jury-deliberations-0224,$30M surgical robot defect trial settles during jury deliberations,2016-04-22,,surgical,lawsuit,serious_injury,,settlement,1
TMR-0225,https://themachinerecord.com/case/gm-s-cruise-recalls-self-driving-software-involved-in-a-june-crash-0225,GM's Cruise recalls self-driving software involved in a June crash,2022-09-01,,autonomous_vehicle,recall,property_damage,,recall,1
TMR-0226,https://themachinerecord.com/case/a-robotaxi-crash-in-hunan-china-sparked-fears-of-regulatory-backlash-against-aut-0226,"A robotaxi crash in Hunan, China sparked fears of regulatory backlash against autonomous vehicles",2025-12-09,,autonomous_vehicle,collision,no_harm,"Hunan, China",report,1
TMR-0227,https://themachinerecord.com/case/waymo-recalled-approximately-3-800-robotaxis-due-to-a-software-failure-that-caus-0227,"Waymo recalled approximately 3,800 robotaxis due to a software failure that caused vehicles to drive into flooded roads.",2026-05-13,,autonomous_vehicle,recall,no_harm,,recall,5
TMR-0228,https://themachinerecord.com/case/uber-eats-delivery-robots-were-vandalised-in-a-sheffield-suburb-0228,Uber Eats delivery robots were vandalised in a Sheffield suburb,2026-03-31,,delivery,other,property_damage,"Sheffield, UK",report,1
TMR-0229,https://themachinerecord.com/case/amazon-s-zoox-recalls-driverless-software-after-a-crash-in-las-vegas-0229,Amazon's Zoox recalls driverless software after a crash in Las Vegas,2025-05-07,,autonomous_vehicle,recall,property_damage,"Las Vegas, USA",recall,4
TMR-0230,https://themachinerecord.com/case/a-robot-arm-killed-a-co-worker-at-a-car-factory-in-india-0230,A robot arm killed a co-worker at a car factory in India.,2015-08-14,,robot_arm,fatality,fatality,India,follow_up,2
TMR-0231,https://themachinerecord.com/case/firefighters-moved-delivery-robots-out-of-the-way-while-tackling-a-building-fire-0231,Firefighters moved delivery robots out of the way while tackling a building fire in Cambridge.,2023-09-17,,delivery,other,no_harm,"Cambridge, UK",report,1
TMR-0233,https://themachinerecord.com/case/a-waymo-robotaxi-blocked-first-responders-at-the-scene-of-an-austin-mass-shootin-0233,A Waymo robotaxi blocked first responders at the scene of an Austin mass shooting.,2026-03-02,,autonomous_vehicle,other,no_harm,"Austin, Texas, USA",report,1
TMR-0234,https://themachinerecord.com/case/humanoid-robot-kicks-a-child-during-a-public-performance-in-xinjiang-china-0234,"Humanoid robot kicks a child during a public performance in Xinjiang, China",2026-06-05,,humanoid,injury,minor_injury,"Xinjiang, China",follow_up,4
TMR-0235,https://themachinerecord.com/case/man-wearing-motion-capture-suit-suffered-injury-while-controlling-a-unitree-g1-h-0235,Man wearing motion capture suit suffered injury while controlling a Unitree G1 humanoid robot,2025-12-28,,humanoid,injury,minor_injury,,report,1
TMR-0236,https://themachinerecord.com/case/waymo-robotaxi-struck-a-child-near-an-elementary-school-in-santa-monica-0236,Waymo robotaxi struck a child near an elementary school in Santa Monica.,2026-01-29,,autonomous_vehicle,collision,serious_injury,"Santa Monica, California, USA",follow_up,2
TMR-0237,https://themachinerecord.com/case/chess-robot-grabbed-and-broke-the-finger-of-a-seven-year-old-child-during-a-matc-0237,Chess robot grabbed and broke the finger of a seven-year-old child during a match,2022-07-21,,robot_arm,injury,minor_injury,"Moscow, Russia",report,1
TMR-0238,https://themachinerecord.com/case/ai-humanoid-robot-collapsed-during-a-live-demonstration-in-taiwan-video-went-vir-0238,"AI humanoid robot collapsed during a live demonstration in Taiwan, video went viral.",2026-07-30,,humanoid,malfunction,no_harm,Taiwan,report,1
TMR-0239,https://themachinerecord.com/case/amazon-s-zoox-recalls-332-us-robotaxi-vehicles-due-to-a-software-error-0239,Amazon's Zoox recalls 332 US robotaxi vehicles due to a software error.,2025-12-23,,autonomous_vehicle,recall,no_harm,United States,recall,1
TMR-0240,https://themachinerecord.com/case/zimmer-surgical-robot-subject-to-class-i-recall-due-to-a-software-glitch-0240,Zimmer surgical robot subject to Class I recall due to a software glitch.,2021-10-29,,surgical,recall,no_harm,,recall,1
TMR-0241,https://themachinerecord.com/case/cruise-recalls-robotaxis-after-a-passenger-was-injured-in-a-crash-0241,Cruise recalls robotaxis after a passenger was injured in a crash.,2022-09-01,,autonomous_vehicle,recall,minor_injury,United States,recall,1
TMR-0242,https://themachinerecord.com/case/waymo-robotaxis-got-stuck-during-a-san-francisco-power-blackout-0242,Waymo robotaxis got stuck during a San Francisco power blackout.,2025-12-24,,autonomous_vehicle,malfunction,no_harm,"San Francisco, CA, USA",report,1
TMR-0243,https://themachinerecord.com/case/six-waymo-robotaxis-blocked-traffic-at-a-san-francisco-freeway-on-ramp-0243,Six Waymo robotaxis blocked traffic at a San Francisco freeway on-ramp.,2024-04-17,,autonomous_vehicle,malfunction,no_harm,"San Francisco, California, USA",report,1
TMR-0244,https://themachinerecord.com/case/a-patrolling-robot-was-damaged-after-falling-down-a-staircase-at-hong-kong-airpo-0244,A patrolling robot was damaged after falling down a staircase at Hong Kong airport.,2026-08-02,,service,malfunction,property_damage,"Hong Kong International Airport, Hong Kong",report,1
TMR-0245,https://themachinerecord.com/case/a-piece-of-a-surgical-robot-fell-into-a-patient-s-abdominal-cavity-unnoticed-dur-0245,"A piece of a surgical robot fell into a patient's abdominal cavity unnoticed during surgery, resulting in a $475,000 lawsuit.",2014-09-30,,surgical,injury,serious_injury,"Oregon, USA",lawsuit,1
TMR-0682,https://themachinerecord.com/case/a-waymo-autonomous-vehicle-jaguar-i-pace-was-involved-in-a-crash-with-passenger--0682,"A Waymo autonomous vehicle (Jaguar I-Pace) was involved in a crash with passenger car in Inglewood, CA, reported to NHTSA as minor w/ hospitalization",2026-05-01,Waymo,autonomous_vehicle,collision,minor_injury,"Inglewood, CA",report,1
TMR-0683,https://themachinerecord.com/case/a-waymo-autonomous-vehicle-jaguar-i-pace-was-involved-in-a-crash-with-pickup-tru-0683,"A Waymo autonomous vehicle (Jaguar I-Pace) was involved in a crash with pickup truck in Phoenix, AZ, reported to NHTSA as moderate w/ hospitalization",2026-05-01,Waymo,autonomous_vehicle,collision,serious_injury,"Phoenix, AZ",report,1
TMR-0684,https://themachinerecord.com/case/a-waymo-autonomous-vehicle-jaguar-i-pace-was-involved-in-a-crash-with-passenger--0684,"A Waymo autonomous vehicle (Jaguar I-Pace) was involved in a crash with passenger car in Los Angeles, CA, reported to NHTSA as moderate w/o hospitalization",2026-05-01,Waymo,autonomous_vehicle,collision,minor_injury,"Los Angeles, CA",report,1
TMR-0685,https://themachinerecord.com/case/a-waymo-autonomous-vehicle-zeekr-rt-was-involved-in-a-crash-with-pickup-truck-in-0685,"A Waymo autonomous vehicle (Zeekr Rt) was involved in a crash with pickup truck in Los Angeles, CA, reported to NHTSA as moderate w/ hospitalization",2026-05-01,Waymo,autonomous_vehicle,collision,serious_injury,"Los Angeles, CA",report,1
TMR-0686,https://themachinerecord.com/case/a-waymo-autonomous-vehicle-jaguar-i-pace-was-involved-in-a-crash-with-passenger--0686,"A Waymo autonomous vehicle (Jaguar I-Pace) was involved in a crash with passenger car in Santa Monica, CA, reported to NHTSA as minor w/ hospitalization",2026-05-01,Waymo,autonomous_vehicle,collision,minor_injury,"Santa Monica, CA",report,1
TMR-0687,https://themachinerecord.com/case/a-waymo-autonomous-vehicle-jaguar-i-pace-was-involved-in-a-crash-with-suv-in-los-0687,"A Waymo autonomous vehicle (Jaguar I-Pace) was involved in a crash with suv in Los Angeles, CA, reported to NHTSA as minor w/ hospitalization",2026-04-01,Waymo,autonomous_vehicle,collision,minor_injury,"Los Angeles, CA",report,1
TMR-0688,https://themachinerecord.com/case/a-may-mobility-autonomous-vehicle-toyota-sienna-was-involved-in-a-crash-with-oth-0688,"A May Mobility autonomous vehicle (Toyota Sienna) was involved in a crash with other, see narrative in Atlanta, GA, reported to NHTSA as minor w/ hospitalization",2026-04-01,,autonomous_vehicle,collision,minor_injury,"Atlanta, GA",report,1
TMR-0689,https://themachinerecord.com/case/a-waymo-autonomous-vehicle-jaguar-i-pace-was-involved-in-a-crash-with-suv-in-los-0689,"A Waymo autonomous vehicle (Jaguar I-Pace) was involved in a crash with suv in Los Angeles, CA, reported to NHTSA as minor w/ hospitalization",2026-04-01,Waymo,autonomous_vehicle,collision,minor_injury,"Los Angeles, CA",report,1
TMR-0690,https://themachinerecord.com/case/a-waymo-autonomous-vehicle-jaguar-i-pace-was-involved-in-a-crash-with-motorcycle-0690,"A Waymo autonomous vehicle (Jaguar I-Pace) was involved in a crash with motorcycle in Atlanta, GA, reported to NHTSA as moderate w/o hospitalization",2026-04-01,Waymo,autonomous_vehicle,collision,minor_injury,"Atlanta, GA",report,1
TMR-0691,https://themachinerecord.com/case/a-waymo-autonomous-vehicle-jaguar-i-pace-was-involved-in-a-crash-with-pickup-tru-0691,"A Waymo autonomous vehicle (Jaguar I-Pace) was involved in a crash with pickup truck in Atlanta, GA, reported to NHTSA as minor w/ hospitalization",2026-04-01,Waymo,autonomous_vehicle,collision,minor_injury,"Atlanta, GA",report,1
TMR-0692,https://themachinerecord.com/case/a-waymo-autonomous-vehicle-jaguar-i-pace-was-involved-in-a-crash-with-suv-in-los-0692,"A Waymo autonomous vehicle (Jaguar I-Pace) was involved in a crash with suv in Los Angeles, CA, reported to NHTSA as minor w/ hospitalization",2026-04-01,Waymo,autonomous_vehicle,collision,minor_injury,"Los Angeles, CA",report,1
TMR-0693,https://themachinerecord.com/case/a-waymo-autonomous-vehicle-jaguar-i-pace-was-involved-in-a-crash-with-suv-in-san-0693,"A Waymo autonomous vehicle (Jaguar I-Pace) was involved in a crash with suv in San Francisco, CA, reported to NHTSA as minor w/ hospitalization",2026-04-01,Waymo,autonomous_vehicle,collision,minor_injury,"San Francisco, CA",report,1
TMR-0694,https://themachinerecord.com/case/a-waymo-autonomous-vehicle-jaguar-i-pace-was-involved-in-a-crash-with-suv-in-san-0694,"A Waymo autonomous vehicle (Jaguar I-Pace) was involved in a crash with suv in San Francisco, CA, reported to NHTSA as moderate w/ hospitalization",2026-04-01,Waymo,autonomous_vehicle,collision,serious_injury,"San Francisco, CA",report,1
TMR-0695,https://themachinerecord.com/case/a-waymo-autonomous-vehicle-jaguar-i-pace-was-involved-in-a-crash-with-pickup-tru-0695,"A Waymo autonomous vehicle (Jaguar I-Pace) was involved in a crash with pickup truck in Austin, TX, reported to NHTSA as minor w/ hospitalization",2026-03-01,Waymo,autonomous_vehicle,collision,minor_injury,"Austin, TX",report,1
TMR-0696,https://themachinerecord.com/case/a-waymo-autonomous-vehicle-jaguar-i-pace-was-involved-in-a-crash-with-suv-in-ing-0696,"A Waymo autonomous vehicle (Jaguar I-Pace) was involved in a crash with suv in Inglewood, CA, reported to NHTSA as minor w/ hospitalization",2026-03-01,Waymo,autonomous_vehicle,collision,minor_injury,"Inglewood, CA",report,1
TMR-0697,https://themachinerecord.com/case/a-waymo-autonomous-vehicle-jaguar-i-pace-was-involved-in-a-crash-with-passenger--0697,"A Waymo autonomous vehicle (Jaguar I-Pace) was involved in a crash with passenger car in San Francisco, CA, reported to NHTSA as minor w/ hospitalization",2026-02-01,Waymo,autonomous_vehicle,collision,minor_injury,"San Francisco, CA",report,1
TMR-0698,https://themachinerecord.com/case/a-waymo-autonomous-vehicle-jaguar-i-pace-was-involved-in-a-crash-with-van-in-san-0698,"A Waymo autonomous vehicle (Jaguar I-Pace) was involved in a crash with van in San Francisco, CA, reported to NHTSA as moderate w/ hospitalization",2026-02-01,Waymo,autonomous_vehicle,collision,serious_injury,"San Francisco, CA",report,1
TMR-0699,https://themachinerecord.com/case/a-may-mobility-autonomous-vehicle-toyota-sienna-was-involved-in-a-crash-with-oth-0699,"A May Mobility autonomous vehicle (Toyota Sienna) was involved in a crash with other fixed object in Atlanta, GA, reported to NHTSA as minor w/ hospitalization",2026-01-01,,autonomous_vehicle,collision,minor_injury,"Atlanta, GA",report,1
TMR-0700,https://themachinerecord.com/case/a-avride-inc-autonomous-vehicle-hyundai-ioniq-5-was-involved-in-a-crash-with-pas-0700,"A Avride Inc. autonomous vehicle (Hyundai Ioniq 5) was involved in a crash with passenger car in Dallas, TX, reported to NHTSA as minor w/ hospitalization",2026-01-01,Avride,autonomous_vehicle,collision,minor_injury,"Dallas, TX",report,1
TMR-0701,https://themachinerecord.com/case/a-waymo-autonomous-vehicle-jaguar-i-pace-was-involved-in-a-crash-with-passenger--0701,"A Waymo autonomous vehicle (Jaguar I-Pace) was involved in a crash with passenger car in Los Angeles, CA, reported to NHTSA as minor w/ hospitalization",2026-01-01,Waymo,autonomous_vehicle,collision,minor_injury,"Los Angeles, CA",report,1
TMR-0702,https://themachinerecord.com/case/a-waymo-autonomous-vehicle-jaguar-i-pace-was-involved-in-a-crash-with-van-in-los-0702,"A Waymo autonomous vehicle (Jaguar I-Pace) was involved in a crash with van in Los Angeles, CA, reported to NHTSA as minor w/ hospitalization",2025-12-01,Waymo,autonomous_vehicle,collision,minor_injury,"Los Angeles, CA",report,1
TMR-0703,https://themachinerecord.com/case/a-waymo-autonomous-vehicle-jaguar-i-pace-was-involved-in-a-crash-with-suv-in-san-0703,"A Waymo autonomous vehicle (Jaguar I-Pace) was involved in a crash with suv in San Francisco, CA, reported to NHTSA as minor w/ hospitalization",2025-12-01,Waymo,autonomous_vehicle,collision,minor_injury,"San Francisco, CA",report,1
TMR-0704,https://themachinerecord.com/case/a-waymo-autonomous-vehicle-jaguar-i-pace-was-involved-in-a-crash-with-passenger--0704,"A Waymo autonomous vehicle (Jaguar I-Pace) was involved in a crash with passenger car in Atlanta, GA, reported to NHTSA as minor w/ hospitalization",2025-12-01,Waymo,autonomous_vehicle,collision,minor_injury,"Atlanta, GA",report,1
TMR-0705,https://themachinerecord.com/case/a-waymo-autonomous-vehicle-jaguar-i-pace-was-involved-in-a-crash-with-passenger--0705,"A Waymo autonomous vehicle (Jaguar I-Pace) was involved in a crash with passenger car in Phoenix, AZ, reported to NHTSA as minor w/ hospitalization",2025-12-01,Waymo,autonomous_vehicle,collision,minor_injury,"Phoenix, AZ",report,1
TMR-0706,https://themachinerecord.com/case/a-waymo-autonomous-vehicle-jaguar-i-pace-was-involved-in-a-crash-with-non-motori-0706,"A Waymo autonomous vehicle (Jaguar I-Pace) was involved in a crash with non-motorist: cyclist in Palo Alto, CA, reported to NHTSA as minor w/ hospitalization",2025-12-01,Waymo,autonomous_vehicle,collision,minor_injury,"Palo Alto, CA",report,1
TMR-0707,https://themachinerecord.com/case/a-waymo-autonomous-vehicle-jaguar-i-pace-was-involved-in-a-crash-with-suv-in-sco-0707,"A Waymo autonomous vehicle (Jaguar I-Pace) was involved in a crash with suv in Scottsdale, AZ, reported to NHTSA as minor w/ hospitalization",2025-11-01,Waymo,autonomous_vehicle,collision,minor_injury,"Scottsdale, AZ",report,1
TMR-0708,https://themachinerecord.com/case/a-waymo-autonomous-vehicle-jaguar-i-pace-was-involved-in-a-crash-with-passenger--0708,"A Waymo autonomous vehicle (Jaguar I-Pace) was involved in a crash with passenger car in Tempe, AZ, reported to NHTSA as minor w/ hospitalization",2025-11-01,Waymo,autonomous_vehicle,collision,minor_injury,"Tempe, AZ",report,1
TMR-0709,https://themachinerecord.com/case/a-waymo-autonomous-vehicle-jaguar-i-pace-was-involved-in-a-crash-with-non-motori-0709,"A Waymo autonomous vehicle (Jaguar I-Pace) was involved in a crash with non-motorist: pedestrian in Scottsdale, AZ, reported to NHTSA as moderate w/ hospitalization",2025-11-01,Waymo,autonomous_vehicle,collision,serious_injury,"Scottsdale, AZ",report,1
TMR-0710,https://themachinerecord.com/case/a-waymo-autonomous-vehicle-jaguar-i-pace-was-involved-in-a-crash-with-suv-in-san-0710,"A Waymo autonomous vehicle (Jaguar I-Pace) was involved in a crash with suv in San Francisco, CA, reported to NHTSA as minor w/ hospitalization",2025-11-01,Waymo,autonomous_vehicle,collision,minor_injury,"San Francisco, CA",report,1
TMR-0711,https://themachinerecord.com/case/a-waymo-autonomous-vehicle-jaguar-i-pace-was-involved-in-a-crash-with-passenger--0711,"A Waymo autonomous vehicle (Jaguar I-Pace) was involved in a crash with passenger car in Austin, TX, reported to NHTSA as minor w/ hospitalization",2025-11-01,Waymo,autonomous_vehicle,collision,minor_injury,"Austin, TX",report,1
TMR-0712,https://themachinerecord.com/case/a-waymo-autonomous-vehicle-jaguar-i-pace-was-involved-in-a-crash-with-passenger--0712,"A Waymo autonomous vehicle (Jaguar I-Pace) was involved in a crash with passenger car in San Francisco, CA, reported to NHTSA as minor w/ hospitalization",2025-10-01,Waymo,autonomous_vehicle,collision,minor_injury,"San Francisco, CA",report,1
TMR-0713,https://themachinerecord.com/case/a-waymo-autonomous-vehicle-jaguar-i-pace-was-involved-in-a-crash-with-non-motori-0713,"A Waymo autonomous vehicle (Jaguar I-Pace) was involved in a crash with non-motorist: cyclist in San Francisco, CA, reported to NHTSA as minor w/ hospitalization",2025-10-01,Waymo,autonomous_vehicle,collision,minor_injury,"San Francisco, CA",report,1
TMR-0714,https://themachinerecord.com/case/a-waymo-autonomous-vehicle-jaguar-i-pace-was-involved-in-a-crash-with-passenger--0714,"A Waymo autonomous vehicle (Jaguar I-Pace) was involved in a crash with passenger car in Atlanta, GA, reported to NHTSA as moderate w/ hospitalization",2025-10-01,Waymo,autonomous_vehicle,collision,serious_injury,"Atlanta, GA",report,1
TMR-0715,https://themachinerecord.com/case/a-waymo-autonomous-vehicle-jaguar-i-pace-was-involved-in-a-crash-with-suv-in-los-0715,"A Waymo autonomous vehicle (Jaguar I-Pace) was involved in a crash with suv in Los Angeles, CA, reported to NHTSA as minor w/ hospitalization",2025-09-01,Waymo,autonomous_vehicle,collision,minor_injury,"Los Angeles, CA",report,1
TMR-0716,https://themachinerecord.com/case/a-waymo-autonomous-vehicle-jaguar-i-pace-was-involved-in-a-crash-with-non-motori-0716,"A Waymo autonomous vehicle (Jaguar I-Pace) was involved in a crash with non-motorist: cyclist in Atlanta, GA, reported to NHTSA as minor w/ hospitalization",2025-09-01,Waymo,autonomous_vehicle,collision,minor_injury,"Atlanta, GA",report,1
TMR-0717,https://themachinerecord.com/case/a-waymo-autonomous-vehicle-jaguar-i-pace-was-involved-in-a-crash-with-pickup-tru-0717,"A Waymo autonomous vehicle (Jaguar I-Pace) was involved in a crash with pickup truck in Atlanta, GA, reported to NHTSA as minor w/ hospitalization",2025-09-01,Waymo,autonomous_vehicle,collision,minor_injury,"Atlanta, GA",report,1
TMR-0718,https://themachinerecord.com/case/a-waymo-autonomous-vehicle-jaguar-i-pace-was-involved-in-a-crash-with-motorcycle-0718,"A Waymo autonomous vehicle (Jaguar I-Pace) was involved in a crash with motorcycle in Tempe, AZ, reported to NHTSA as a fatality",2025-09-01,Waymo,autonomous_vehicle,collision,fatality,"Tempe, AZ",report,1
TMR-0719,https://themachinerecord.com/case/a-waymo-autonomous-vehicle-jaguar-i-pace-was-involved-in-a-crash-with-heavy-truc-0719,"A Waymo autonomous vehicle (Jaguar I-Pace) was involved in a crash with heavy truck in San Francisco, CA, reported to NHTSA as minor w/ hospitalization",2025-08-01,Waymo,autonomous_vehicle,collision,minor_injury,"San Francisco, CA",report,1
TMR-0720,https://themachinerecord.com/case/a-waymo-autonomous-vehicle-jaguar-i-pace-was-involved-in-a-crash-with-suv-in-san-0720,"A Waymo autonomous vehicle (Jaguar I-Pace) was involved in a crash with suv in San Francisco, CA, reported to NHTSA as moderate w/o hospitalization",2025-08-01,Waymo,autonomous_vehicle,collision,minor_injury,"San Francisco, CA",report,1
TMR-0721,https://themachinerecord.com/case/a-tesla-autonomous-vehicle-tesla-model-y-was-involved-in-a-crash-with-suv-in-aus-0721,"A Tesla autonomous vehicle (Tesla Model Y) was involved in a crash with suv in Austin, TX, reported to NHTSA as minor w/ hospitalization",2025-07-01,Tesla,autonomous_vehicle,collision,minor_injury,"Austin, TX",report,1
TMR-0722,https://themachinerecord.com/case/a-waymo-autonomous-vehicle-jaguar-i-pace-was-involved-in-a-crash-with-suv-in-san-0722,"A Waymo autonomous vehicle (Jaguar I-Pace) was involved in a crash with suv in Santa Clara, CA, reported to NHTSA as moderate w/ hospitalization",2025-07-01,Waymo,autonomous_vehicle,collision,serious_injury,"Santa Clara, CA",report,1
TMR-0723,https://themachinerecord.com/case/a-zoox-autonomous-vehicle-toyota-highlander-was-involved-in-a-crash-with-passeng-0723,"A Zoox autonomous vehicle (Toyota Highlander) was involved in a crash with passenger car in Spring Valley, NV, reported to NHTSA as minor w/ hospitalization",2025-07-01,Zoox,autonomous_vehicle,collision,minor_injury,"Spring Valley, NV",report,1
TMR-0724,https://themachinerecord.com/case/a-waymo-autonomous-vehicle-jaguar-i-pace-was-involved-in-a-crash-with-passenger--0724,"A Waymo autonomous vehicle (Jaguar I-Pace) was involved in a crash with passenger car in San Francisco, CA, reported to NHTSA as minor w/ hospitalization",2025-06-01,Waymo,autonomous_vehicle,collision,minor_injury,"San Francisco, CA",report,1
TMR-0725,https://themachinerecord.com/case/a-waymo-autonomous-vehicle-jaguar-i-pace-was-involved-in-a-crash-with-non-motori-0725,"A Waymo autonomous vehicle (Jaguar I-Pace) was involved in a crash with non-motorist: cyclist in San Francisco, CA, reported to NHTSA as minor w/ hospitalization",2025-06-01,Waymo,autonomous_vehicle,collision,minor_injury,"San Francisco, CA",report,1
TMR-0729,https://themachinerecord.com/case/a-cruise-autonomous-vehicle-struck-and-dragged-a-pedestrian-approximately-20-fee-0729,"A Cruise autonomous vehicle struck and dragged a pedestrian approximately 20 feet on October 2, 2023, after she was first hit by a human-driven car.",2023-10-02,Cruise,autonomous_vehicle,pedestrian struck and dragged by autonomous vehicle,serious_injury,"San Francisco, California",report,8
TMR-0730,https://themachinerecord.com/case/employee-is-struck-by-robotic-arm-while-cleaning-sensor-0730,Employee Is Struck By Robotic Arm While Cleaning Sensor,2024-12-02,,industrial,investigation,fatality,,investigation,1
TMR-0743,https://themachinerecord.com/case/employee-dies-from-chest-injuries-when-crushed-by-robot-arm-0743,Employee Dies From Chest Injuries When Crushed By Robot Arm,2024-02-22,,industrial,investigation,fatality,,investigation,1
TMR-0744,https://themachinerecord.com/case/employee-is-killed-when-crushed-by-spot-welding-robot-0744,Employee Is Killed When Crushed By Spot Welding Robot,2022-09-01,,industrial,investigation,fatality,,investigation,1
TMR-0745,https://themachinerecord.com/case/employee-incurs-concussion-when-struck-by-robotic-arm-0745,Employee Incurs Concussion When Struck By Robotic Arm,2021-04-08,,industrial,investigation,serious_injury,,investigation,1
TMR-0746,https://themachinerecord.com/case/employee-is-killed-when-caught-in-between-okura-robotic-pall-0746,Employee Is Killed When Caught In Between Okura Robotic Pall,2021-01-14,,industrial,investigation,fatality,,investigation,1
TMR-0747,https://themachinerecord.com/case/employee-incurs-multiple-injuries-when-struck-by-robot-0747,Employee Incurs Multiple Injuries When Struck By Robot,2020-09-02,,industrial,investigation,serious_injury,,investigation,1
TMR-0748,https://themachinerecord.com/case/employee-sustains-multiple-injuries-when-struck-by-robot-shu-0748,Employee Sustains Multiple Injuries When Struck By Robot Shu,2020-02-20,,industrial,investigation,serious_injury,,investigation,1
TMR-0749,https://themachinerecord.com/case/employee-injures-feet-when-repeatedly-struck-by-robot-pusher-0749,Employee Injures Feet When Repeatedly Struck By Robot Pusher,2020-01-09,,industrial,investigation,serious_injury,,investigation,1
TMR-0750,https://themachinerecord.com/case/employee-incurs-concussion-when-struck-in-head-by-robot-0750,Employee Incurs Concussion When Struck In Head By Robot,2019-10-22,,industrial,investigation,serious_injury,,investigation,1
TMR-0751,https://themachinerecord.com/case/employee-is-pinned-against-heated-mold-by-robotic-arm-and-su-0751,Employee Is Pinned Against Heated Mold By Robotic Arm And Su,2019-02-11,,industrial,investigation,serious_injury,,investigation,1
TMR-0752,https://themachinerecord.com/case/worker-sustains-fractured-hip-when-struck-by-robot-0752,Worker Sustains Fractured Hip When Struck By Robot,2017-12-12,,industrial,investigation,serious_injury,,investigation,1
TMR-0753,https://themachinerecord.com/case/employee-is-struck-by-robot-arm-and-sustains-fractured-stern-0753,Employee Is Struck By Robot Arm And Sustains Fractured Stern,2017-01-17,,industrial,investigation,serious_injury,,investigation,1
TMR-0755,https://themachinerecord.com/case/pool-cleaner-robot-poolrunner-battery-pro-performance-0755,Pool cleaner robot: Poolrunner Battery Pro Performance,2025-03-07,,consumer,recall,property_damage,,recall,1
TMR-0756,https://themachinerecord.com/case/lawn-mower-miimo-0756,Lawn mower: Miimo,2024-11-08,Honda,consumer,recall,property_damage,,recall,1
TMR-0757,https://themachinerecord.com/case/robotic-vacuum-cleaner-mini-vacuum-sweeper-0757,Robotic vacuum cleaner: Mini vacuum sweeper,2023-12-22,,consumer,recall,property_damage,,recall,1
TMR-0758,https://themachinerecord.com/case/a-waymo-autonomous-vehicle-jaguar-i-pace-was-involved-in-a-crash-with-suv-in-was-0758,"A Waymo autonomous vehicle (Jaguar I-Pace) was involved in a crash with suv in Washington, DC, reported to NHTSA as minor w/ hospitalization",2026-07-01,Waymo,autonomous_vehicle,collision,minor_injury,"Washington, DC",report,1
TMR-0759,https://themachinerecord.com/case/a-waymo-autonomous-vehicle-jaguar-i-pace-was-involved-in-a-crash-with-suv-in-los-0759,"A Waymo autonomous vehicle (Jaguar I-Pace) was involved in a crash with suv in Los Angeles, CA, reported to NHTSA as minor w/ hospitalization",2026-06-01,Waymo,autonomous_vehicle,collision,minor_injury,"Los Angeles, CA",report,1
TMR-0760,https://themachinerecord.com/case/a-zoox-autonomous-vehicle-zoox-zoox-was-involved-in-a-crash-with-pickup-truck-in-0760,"A Zoox autonomous vehicle (Zoox Zoox) was involved in a crash with pickup truck in Las Vegas, NV, reported to NHTSA as minor w/ hospitalization",2026-06-01,Zoox,autonomous_vehicle,collision,minor_injury,"Las Vegas, NV",report,1
TMR-0761,https://themachinerecord.com/case/a-waymo-autonomous-vehicle-zeekr-rt-was-involved-in-a-crash-with-non-motorist-sc-0761,"A Waymo autonomous vehicle (Zeekr Rt) was involved in a crash with non-motorist: scooter - skateboard in Los Angeles, CA, reported to NHTSA as moderate w/o hospitalization",2026-06-01,Waymo,autonomous_vehicle,collision,minor_injury,"Los Angeles, CA",report,1
TMR-0762,https://themachinerecord.com/case/humanoid-robots-fell-crashed-and-malfunctioned-repeatedly-at-the-inaugural-world-0762,"Humanoid robots fell, crashed, and malfunctioned repeatedly at the inaugural World Humanoid Robot Games in Beijing from August 15 to 17, 2025.",2025-08-15,,humanoid,"robots falling, collapsing, and malfunctioning during competition events",no_harm,"Beijing, China",report,6
TMR-0768,https://themachinerecord.com/case/zoox-recalled-software-on-all-105-robotaxis-after-one-vehicle-drove-into-an-acti-0768,"Zoox recalled software on all 105 robotaxis after one vehicle drove into an active fire scene obscured by heavy smoke in Las Vegas on June 20, 2026.",2026-06-20,Zoox (Amazon),autonomous_vehicle,recall,no_harm,"Las Vegas, Nevada",recall,4
TMR-0769,https://themachinerecord.com/case/cruise-fined-500-000-by-doj-for-submitting-a-false-report-omitting-that-its-robo-0769,"Cruise fined $500,000 by DOJ for submitting a false report omitting that its robotaxi dragged a pedestrian in October 2023 in San Francisco.",2023-10-01,Cruise (GM),autonomous_vehicle,fine,serious_injury,"San Francisco, California",fine,4
TMR-0770,https://themachinerecord.com/case/a-waymo-autonomous-vehicle-jaguar-i-pace-was-involved-in-a-crash-with-non-motori-0770,"A Waymo autonomous vehicle (Jaguar I-Pace) was involved in a crash with non-motorist: pedestrian in Dallas, TX, reported to NHTSA as a fatality",2026-08-01,Waymo,autonomous_vehicle,collision,fatality,"Dallas, TX",report,1
TMR-0771,https://themachinerecord.com/case/a-waymo-autonomous-vehicle-jaguar-i-pace-was-involved-in-a-crash-with-bus-in-san-0771,"A Waymo autonomous vehicle (Jaguar I-Pace) was involved in a crash with bus in San Francisco, CA, reported to NHTSA as moderate w/ hospitalization",2026-07-01,Waymo,autonomous_vehicle,collision,serious_injury,"San Francisco, CA",report,1
TMR-0772,https://themachinerecord.com/case/a-waymo-autonomous-vehicle-jaguar-i-pace-was-involved-in-a-crash-with-suv-in-atl-0772,"A Waymo autonomous vehicle (Jaguar I-Pace) was involved in a crash with suv in Atlanta, GA, reported to NHTSA as moderate w/ hospitalization",2026-07-01,Waymo,autonomous_vehicle,collision,serious_injury,"Atlanta, GA",report,1
